{
  "DASH_L3": true,
  "VEEV_L1": true,
  "CDW_L1": true,
  "KHC_L2": true,
  "LOW_L2": true,
  "TAK_L1": true,
  "TAK_L2": true,
  "CRSP_L1": true,
  "MDT_L3": true,
  "GBPJPY_L1": 1783525065.5456972,
  "GBPJPY_L2": 1783525065.5456972,
  "GBPJPY_L3": 1783525065.5456972,
  "TMO_L3": 1783525065.5456972,
  "ODD_L1": 1783426453.1390433,
  "TEVA_L1": 1783503605.3462708,
  "T_L2": 1783445474.2160249,
  "FAST_L1": 1783525065.5456972,
  "WFC_L1": 1783525065.5456972,
  "MDT_L2": 1783503605.3462708,
  "TEVA_L3": 1783503605.3462708,
  "SGI_L3": 1783525065.5456972,
  "WFC_L2": 1783525065.5456972,
  "FTK_L1": 1783525065.5456972,
  "CDW_L2": 1783503605.3462708,
  "GLBE_L1": 1783503605.3462708,
  "DCI_L1": 1783530508.2611356,
  "VIV_L1": 1783525065.5456972,
  "VIV_L2": 1783525065.5456972,
  "VIV_L3": 1783525065.5456972,
  "INTC_L3": 1783525065.5456972,
  "VRTX_L2": 1783530508.2611356
}