{
  "VEEV_L1": true,
  "TAK_L1": true,
  "TAK_L2": true,
  "MDT_L3": true,
  "GBPJPY_L1": 1783576019.4293227,
  "GBPJPY_L2": 1783576019.4293227,
  "GBPJPY_L3": 1783576019.4293227,
  "FAST_L1": 1783576019.4293227,
  "WFC_L1": 1783576019.4293227,
  "WFC_L2": 1783576019.4293227,
  "DCI_L1": 1783576019.4293227,
  "VIV_L1": 1783576019.4293227,
  "VRTX_L2": 1783576019.4293227,
  "DLO_L1": 1783576019.4293227,
  "VRTX_L1": 1783576019.4293227,
  "TFC_L1": 1783696741.864695,
  "BX_L2": 1784125146.9512188,
  "NVDA_L1": 1784125146.9512188,
  "NVDA_L2": 1784125146.9512188,
  "J_L1": 1784131087.3486736,
  "EFX_L2": 1784131087.3486736,
  "MDT_L2": 1784211655.409013,
  "UGP_L3": 1784211655.409013,
  "WPP_L1": 1784211655.409013,
  "GIS_L1": 1784211655.409013,
  "ITW_L1": 1784211655.409013,
  "BDX_L1": 1784211655.409013,
  "SNN_L1": 1784211655.409013,
  "CDW_L1": 1784222350.981079,
  "CI_L1": 1784222350.981079,
  "CAG_L2": 1784271603.2906728,
  "STE_L1": 1784271603.2906728,
  "DNA_L3": 1784297386.585965,
  "BLK_L1": 1784297386.585965,
  "IDXX_L1": 1784297386.585965,
  "BARK_L3": 1784302919.1549995,
  "ODD_L2": 1784302919.1549995,
  "SNN_L2": 1784302919.1549995,
  "STE_L2": 1784307041.8681898,
  "KIM_L1": 1784311130.4606636,
  "LOW_L1": 1784559319.3634958,
  "XYZ_L2": 1784559319.3634958,
  "ITW_L2": 1784559319.3634958,
  "BLK_L2": 1784578209.8178892,
  "WDC_L2": 1784647038.3490825,
  "COF_L2": 1784647038.3490825,
  "BDX_L2": 1784647038.3490825,
  "MMM_L1": 1784647038.3490825,
  "VIST_L1": 1784657518.2156107,
  "WPP_L2": 1784663677.885762,
  "DASH_L2": 1784732775.5621548,
  "MANH_L3": 1784732775.5621548,
  "PATH_L3": 1784732775.5621548,
  "DG_L1": 1784732775.5621548,
  "VIST_L3": 1784732775.5621548,
  "HPE_L1": 1784732775.5621548,
  "HPE_L3": 1784732775.5621548,
  "CBRS_L1": 1784738614.848414,
  "VEEV_L3": 1784819416.3057828,
  "UPST_L2": 1784819416.3057828,
  "CVNA_L3": 1784819416.3057828,
  "EFX_L3": 1784819416.3057828,
  "M_L1": 1784819416.3057828,
  "COIN_L2": 1784819416.3057828,
  "PKX_L1": 1784819416.3057828,
  "CCS_L1": 1784819416.3057828,
  "BIO_L2": 1784819416.3057828,
  "DOV_L1": 1784819416.3057828,
  "KHC_L2": 1784825290.887306,
  "TMUS_L2": 1784825290.887306,
  "OVV_L1": 1784825290.887306,
  "CAG_L3": 1784829839.764218
}