{
  "DASH_L3": true,
  "VEEV_L1": true,
  "TSCO_L1": true,
  "CDW_L1": true,
  "KHC_L2": true,
  "LOW_L2": true,
  "TAK_L1": true,
  "TAK_L2": true,
  "CRSP_L1": true,
  "MDT_L3": true,
  "DLO_L1": 1783472880.1806092,
  "GBPJPY_L1": 1783485119.3771667,
  "GBPJPY_L2": 1783485119.3771667,
  "GBPJPY_L3": 1783485119.3771667,
  "TMO_L3": 1783445474.2160249,
  "ODD_L1": 1783426453.1390433,
  "TEVA_L1": 1783485119.3771667,
  "TEVA_L2": 1783485119.3771667,
  "T_L2": 1783445474.2160249,
  "SGI_L2": 1783426453.1390433,
  "FAST_L1": 1783485119.3771667,
  "WFC_L1": 1783485119.3771667,
  "MDT_L2": 1783485119.3771667,
  "TEVA_L3": 1783485119.3771667,
  "SGI_L3": 1783485119.3771667,
  "WFC_L2": 1783485119.3771667,
  "FTK_L1": 1783472880.1806092,
  "CDW_L2": 1783472880.1806092
}