{
  "DASH_L3": true,
  "VEEV_L1": true,
  "TSCO_L1": true,
  "FTK_L1": true,
  "CDW_L1": true,
  "KHC_L2": true,
  "LOW_L2": true,
  "TAK_L1": true,
  "TAK_L2": true,
  "CRSP_L1": true,
  "MDT_L3": true,
  "DLO_L1": 1783349997.1466365,
  "MANH_L3": 1783349997.1466365,
  "GBPJPY_L1": 1783366810.6816165,
  "GBPJPY_L2": 1783366810.6816165,
  "GBPJPY_L3": 1783366810.6816165,
  "TMO_L3": 1783349997.1466365,
  "ODD_L1": 1783366810.6816165,
  "SPCX_L3": 1783372503.9731896,
  "TEVA_L1": 1783349997.1466365,
  "TEVA_L2": 1783366810.6816165,
  "T_L2": 1783366810.6816165,
  "SGI_L2": 1783366810.6816165,
  "FAST_L1": 1783349997.1466365,
  "WFC_L1": 1783366810.6816165
}