{
  "DASH_L3": true,
  "VEEV_L1": true,
  "KHC_L2": true,
  "TAK_L1": true,
  "TAK_L2": true,
  "MDT_L3": true,
  "GBPJPY_L1": 1783576019.4293227,
  "GBPJPY_L2": 1783576019.4293227,
  "GBPJPY_L3": 1783576019.4293227,
  "ODD_L1": 1783426453.1390433,
  "T_L2": 1783445474.2160249,
  "FAST_L1": 1783576019.4293227,
  "WFC_L1": 1783576019.4293227,
  "SGI_L3": 1783576019.4293227,
  "WFC_L2": 1783576019.4293227,
  "DCI_L1": 1783576019.4293227,
  "VIV_L1": 1783576019.4293227,
  "VIV_L2": 1783576019.4293227,
  "VIV_L3": 1783576019.4293227,
  "VRTX_L2": 1783576019.4293227,
  "DLO_L1": 1783576019.4293227,
  "VRTX_L1": 1783576019.4293227,
  "RIVN_L1": 1783611263.8723075,
  "PATH_L2": 1783611263.8723075,
  "CHRW_L2": 1783611263.8723075,
  "META_L2": 1783696741.864695,
  "TFC_L1": 1783696741.864695,
  "UGP_L1": 1783696741.864695,
  "TMUS_L1": 1783936893.128285,
  "TMUS_L3": 1783956967.474499,
  "BARK_L3": 1783964160.7532883,
  "RHI_L1": 1783974251.2458024,
  "DG_L2": 1784030209.3426242,
  "CI_L3": 1784030209.3426242,
  "HUN_L1": 1784030209.3426242,
  "DG_L1": 1784037907.9443834,
  "VIST_L1": 1784102151.29519,
  "TSCO_L1": 1784125146.9512188,
  "WDC_L1": 1784125146.9512188,
  "HPE_L3": 1784125146.9512188,
  "BX_L2": 1784125146.9512188,
  "NVDA_L1": 1784125146.9512188,
  "NVDA_L2": 1784125146.9512188,
  "LOVE_L1": 1784131087.3486736,
  "J_L1": 1784131087.3486736,
  "XYZ_L1": 1784131087.3486736,
  "EFX_L1": 1784131087.3486736,
  "EFX_L2": 1784131087.3486736,
  "COF_L1": 1784131087.3486736
}