{
  "DASH_L3": true,
  "VEEV_L1": true,
  "TSCO_L1": true,
  "FTK_L1": true,
  "CDW_L1": true,
  "KHC_L2": true,
  "LOW_L2": true,
  "UPST_L1": true,
  "TAK_L1": true,
  "TAK_L2": true,
  "CRSP_L1": true,
  "MDT_L3": true,
  "DLO_L1": 1783103879.5060847,
  "MANH_L3": 1783103879.5060847,
  "GBPJPY_L1": 1783098260.5686998,
  "GBPJPY_L2": 1783098260.5686998,
  "GBPJPY_L3": 1783098260.5686998
}