{
  "DASH_L3": true,
  "VEEV_L1": true,
  "TAK_L1": true,
  "TAK_L2": true,
  "MDT_L3": true,
  "GBPJPY_L1": 1783576019.4293227,
  "GBPJPY_L2": 1783576019.4293227,
  "GBPJPY_L3": 1783576019.4293227,
  "ODD_L1": 1783426453.1390433,
  "FAST_L1": 1783576019.4293227,
  "WFC_L1": 1783576019.4293227,
  "SGI_L3": 1783576019.4293227,
  "WFC_L2": 1783576019.4293227,
  "DCI_L1": 1783576019.4293227,
  "VIV_L1": 1783576019.4293227,
  "VIV_L2": 1783576019.4293227,
  "VIV_L3": 1783576019.4293227,
  "VRTX_L2": 1783576019.4293227,
  "DLO_L1": 1783576019.4293227,
  "VRTX_L1": 1783576019.4293227,
  "PATH_L2": 1783611263.8723075,
  "CHRW_L2": 1783611263.8723075,
  "TFC_L1": 1783696741.864695,
  "UGP_L1": 1783696741.864695,
  "TMUS_L1": 1783936893.128285,
  "TMUS_L3": 1783956967.474499,
  "DG_L2": 1784030209.3426242,
  "HUN_L1": 1784030209.3426242,
  "TSCO_L1": 1784125146.9512188,
  "BX_L2": 1784125146.9512188,
  "NVDA_L1": 1784125146.9512188,
  "NVDA_L2": 1784125146.9512188,
  "LOVE_L1": 1784131087.3486736,
  "J_L1": 1784131087.3486736,
  "EFX_L1": 1784131087.3486736,
  "EFX_L2": 1784131087.3486736,
  "COF_L1": 1784131087.3486736,
  "CVNA_L1": 1784140859.032012,
  "MDT_L2": 1784211655.409013,
  "IONQ_L3": 1784211655.409013,
  "UGP_L3": 1784211655.409013,
  "WPP_L1": 1784211655.409013,
  "GIS_L1": 1784211655.409013,
  "ITW_L1": 1784211655.409013,
  "IDXX_L2": 1784211655.409013,
  "BDX_L1": 1784211655.409013,
  "SNN_L1": 1784211655.409013,
  "CDW_L1": 1784222350.981079,
  "CI_L1": 1784222350.981079,
  "GOOGL_L2": 1784226999.4193854,
  "VIST_L2": 1784231146.4936373,
  "CAG_L2": 1784271603.2906728,
  "STE_L1": 1784271603.2906728,
  "DNA_L3": 1784297386.585965,
  "META_L1": 1784297386.585965,
  "BLK_L1": 1784297386.585965,
  "GOOGL_L3": 1784297386.585965,
  "IDXX_L1": 1784297386.585965,
  "BARK_L3": 1784302919.1549995,
  "ODD_L2": 1784302919.1549995,
  "SNN_L2": 1784302919.1549995,
  "LCID_L1": 1784302919.1549995
}