{
  "DASH_L3": true,
  "VEEV_L1": true,
  "KHC_L2": true,
  "TAK_L1": true,
  "TAK_L2": true,
  "MDT_L3": true,
  "GBPJPY_L1": 1783576019.4293227,
  "GBPJPY_L2": 1783576019.4293227,
  "GBPJPY_L3": 1783576019.4293227,
  "ODD_L1": 1783426453.1390433,
  "T_L2": 1783445474.2160249,
  "FAST_L1": 1783576019.4293227,
  "WFC_L1": 1783576019.4293227,
  "SGI_L3": 1783576019.4293227,
  "WFC_L2": 1783576019.4293227,
  "CDW_L2": 1783503605.3462708,
  "GLBE_L1": 1783536326.2601292,
  "DCI_L1": 1783576019.4293227,
  "VIV_L1": 1783576019.4293227,
  "VIV_L2": 1783576019.4293227,
  "VIV_L3": 1783576019.4293227,
  "INTC_L3": 1783525065.5456972,
  "VRTX_L2": 1783576019.4293227,
  "DLO_L1": 1783576019.4293227,
  "VRTX_L1": 1783576019.4293227,
  "RIVN_L1": 1783611263.8723075,
  "PATH_L2": 1783611263.8723075,
  "CHRW_L2": 1783611263.8723075,
  "META_L2": 1783696741.864695,
  "TFC_L1": 1783696741.864695,
  "UGP_L1": 1783696741.864695,
  "TMUS_L1": 1783936893.128285,
  "RHI_L2": 1783956967.474499,
  "TMUS_L3": 1783956967.474499,
  "BARK_L3": 1783964160.7532883,
  "RHI_L1": 1783974251.2458024,
  "DG_L2": 1784030209.3426242,
  "CI_L3": 1784030209.3426242,
  "HUN_L1": 1784030209.3426242,
  "ODD_L2": 1784037907.9443834,
  "DG_L1": 1784037907.9443834
}