Ticker,Nome,Prezzo,DD%,RSI,VWAP60,VWA1,VWA2,VWA3,Z1,Z2,Z1c,In zona,Segnale,Origine_Segnale,Sifrediana_Today,Sif_Details,Short_Float_%,Squeeze,Health,Bottom,Wyckoff,W_Score,Settore,SettoreKey,Sector,SectorETF,SectorScore,Δ EW−CW,Vento,Sotto-settore,SottoKey,SottoScore,SottoΔ,Priorità,Avviso,Confluenza
RKLB,Rocket Lab Corporation,62.95,-58.1,27.0,79.61,82.31,65.71,50.35,3.47–8.39 ·100,22.16–29.04 ·65,5.9288,Z3,🟡 4/6,classico,False,{},7.6,False,40,95,7/10,7,⚠️ Industrials,industriale,↔️↓ 47 · Δ-1.3,XLI · RSPN,47.0,-1.3,contro,Aerospazio & difesa,aero_difesa,17.0,-6.3,94,—,2
BSX,Boston Scientific Corporation,42.98,-60.3,25.0,46.36,57.2,47.62,43.5,41.09–46.67 ·100,48.77–53.65 ·58,43.8817,Z1,🟡 2/6,classico,False,{},3.3,False,100,92,6/10,6,Health Care,sanita,📈→ 66 · Δ+5,XLV · RSPH,66.0,5.0,misto,Dispositivi medici,dispositivi,66.0,,100,—,26
RI.PA,Pernod Ricard SA,61.56,-50.6,27.0,64.42,106.66,94.88,82.95,59.84–65.24 ·100,79.26–84.66 ·65,62.5388,Z1,🟡 2/6,classico,False,{},,False,40,90,10/10,10,⚠️ Consumer Staples,consumi_staples,↔️↓ 46 · Δ+0.2,XLP · RSPS,46.0,0.2,contro,"Cibo, bevande & tabacco",cibo_bevande,,,89,—,0
CSGP,"CoStar Group, Inc.",30.46,-68.5,38.0,30.17,64.16,67.6,65.99,28.71–32.66 ·100,77.38–81.32 ·75,30.6875,Z1,🟡 3/6,classico,False,{},4.7,False,60,88,8/10,8,⚠️ Real Estate,immobiliare,↔️↓ 45 · Δ-1.9,XLRE · RSPR,45.0,-1.9,contro,REIT,REIT,46.0,,86,—,0
ZTS,Zoetis Inc.,72.97,-61.7,28.0,75.48,144.11,143.54,138.42,71.61–78.63 ·100,115.15–122.17 ·65,75.1215,Z1,—,,False,{},5.3,False,60,88,8/10,8,Health Care,sanita,📈→ 66 · Δ+5,XLV · RSPH,66.0,5.0,misto,Farmaceutici,farmaci,60.0,10.4,93,—,0
CHTR,"Charter Communications, Inc.",145.77,-65.9,47.0,140.24,377.14,312.15,301.94,129.99–156.54 ·100,252.13–278.68 ·66,143.2679,Z1,🟡 4/6,classico,False,{},33.6,False,60,85,10/10,10,Communication Services,comunicazioni,↔️↑ 47 · Δ-1.1,XLC · RSPC,47.0,-1.1,favore,Telecomunicazioni,telecom,,,84,—,0
FISV,"Fiserv, Inc.",51.58,-78.3,46.0,51.61,108.8,107.66,83.53,50.53–58.23 ·100,61.32–69.02 ·99,54.3807,Z1,🟡 2/6,classico,False,{},,False,0,85,4/10,4,—,,—,—,,,nd,—,,,,85,—,1
ENT.L,Entain Plc,503.8,-50.7,26.0,541.78,653.58,1025.52,917.14,506.63–586.90 ·100,715.33–795.60 ·76,546.7658,,🟡 3/6,classico,False,{},,False,40,83,8/10,8,⚠️ Consumer Discretionary,consumi_disc,⚠️↓ 27 · Δ-0.7,XLY · RSPD,27.0,-0.7,contro,Ristoranti & tempo libero,tempo_libero,,,76,—,1
BLDR,"Builders FirstSource, Inc.",60.37,-70.1,25.0,73.26,88.72,62.49,62.09,60.65–70.63 ·100,69.21–77.77 ·95,65.6413,,—,,False,{},8.7,False,20,82,8/10,8,Industrials,industriale,↔️↓ 47 · Δ-1.3,XLI · RSPN,47.0,-1.3,contro,Beni strumentali & macchinari,capital_goods,48.0,,84,—,28
CRWV,"CoreWeave, Inc.",88.99,-51.5,51.0,90.61,93.97,,,99.00–106.16 ·100,76.49–84.68 ·98,102.5832,Z3,🟡 2/6,classico,False,{},17.8,False,20,82,—,0,Information Technology,tech,🚀↑ 78 · Δ+2,XLK · RSPT,78.0,2.2,favore,Software & servizi IT,software,88.0,6.7,92,—,21
HRL,Hormel Foods Corporation,20.57,-33.6,19.0,23.91,23.33,29.24,31.17,27.16–28.86 ·100,22.93–24.34 ·78,28.0119,Z3,🟡 2/6,classico,False,{},7.1,False,60,80,4/10,4,⚠️ Consumer Staples,consumi_staples,↔️↓ 46 · Δ+0.2,XLP · RSPS,46.0,0.2,contro,"Cibo, bevande & tabacco",cibo_bevande,,,80,—,8
JD.L,JD Sports Fashion Plc,77.74,-51.3,26.0,86.31,109.83,123.08,110.74,76.62–87.53 ·100,118.70–126.50 ·27,82.0727,Z1,—,,False,{},,False,40,80,9/10,9,Consumer Discretionary,consumi_disc,⚠️↓ 27 · Δ-0.7,XLY · RSPD,27.0,-0.7,contro,Abbigliamento & lusso,moda_lusso,,,73,—,1
TTD,"The Trade Desk, Inc.",14.34,-89.7,64.0,16.14,51.78,44.51,40.31,17.06–21.71 ·100,21.71–25.42 ·67,19.384,Z3,🟡 2/6,classico,False,{},24.1,False,100,80,4/10,4,Communication Services,comunicazioni,↔️↑ 47 · Δ-1.1,XLC · RSPC,47.0,-1.1,favore,Media & intrattenimento,media_intratten,,,79,—,1
ERIE,Erie Indemnity Company,245.03,-53.5,30.0,242.97,326.95,320.93,275.1,238.65–265.94 ·100,262.53–283.00 ·78,252.2952,Z1,🟡 3/6,classico,False,{},10.5,False,100,79,4/10,4,Financials,finanziario,🚀↑ 83 · Δ-0.6,XLF · RSPF,83.0,-0.6,favore,Assicurazioni,assicurazioni,64.0,,90,—,13
ROL,"Rollins, Inc.",34.73,-46.5,30.0,39.58,48.51,41.33,29.39,34.62–37.15 ·100,54.01–56.12 ·67,35.8809,Z1,🟡 3/6,classico,False,{},5.2,False,100,78,8/10,8,⚠️ Consumer Discretionary,consumi_disc,⚠️↓ 27 · Δ-0.7,XLY · RSPD,27.0,-0.7,contro,—,,,,71,—,1
BF-B,Brown-Forman Corporation,26.22,-43.7,34.0,26.91,26.12,40.78,36.39,24.92–27.59 ·100,28.48–30.26 ·40,26.2579,Z1,🟡 3/6,classico,False,{},12.5,False,80,77,10/10,10,⚠️ Consumer Staples,consumi_staples,↔️↓ 46 · Δ+0.2,XLP · RSPS,46.0,0.2,contro,"Cibo, bevande & tabacco",cibo_bevande,,,80,—,36
NKE,"NIKE, Inc.",36.8,-56.6,26.0,40.75,54.02,69.66,80.68,39.69–44.89 ·100,69.85–75.04 ·68,42.2941,,—,,False,{},7.9,False,80,77,7/10,7,Consumer Discretionary,consumi_disc,⚠️↓ 27 · Δ-0.7,XLY · RSPD,27.0,-0.7,contro,Abbigliamento & lusso,moda_lusso,,,70,—,0
FIS,"Fidelity National Information Services, Inc.",38.14,-55.6,35.0,41.0,59.71,74.66,72.02,45.28–49.44 ·100,63.56–67.72 ·90,47.3575,,—,,False,{},3.8,False,80,77,2/10,2,Information Technology,tech,🚀↑ 78 · Δ+2,XLK · RSPT,78.0,2.2,favore,Software & servizi IT,software,88.0,6.7,85,—,0
EL.PA,EssilorLuxottica Société anonyme,147.05,-53.1,21.0,164.42,167.19,156.79,130.61,88.84–100.71 ·100,156.10–167.97 ·97,94.7748,Z3,—,,False,{},,False,80,76,5/10,5,Health Care,sanita,📈→ 66 · Δ+5,XLV · RSPH,66.0,5.0,misto,Dispositivi medici,dispositivi,66.0,,81,—,0
ORCL,Oracle Corporation,150.28,-53.7,53.0,143.07,189.9,162.61,62.48,138.89–156.54 ·100,39.63–52.87 ·82,147.7154,Z1,🟡 2/6,classico,False,{},2.6,False,60,76,—,0,Information Technology,tech,🚀↑ 78 · Δ+2,XLK · RSPT,78.0,2.2,favore,Software & servizi IT,software,88.0,6.7,85,—,9
DGE.L,Diageo plc,1655.5,-37.6,30.0,1635.76,2703.07,2531.2,2447.54,1547.38–1668.55 ·100,1765.49–1886.66 ·95,1607.9666,Z1,🟡 2/6,classico,False,{},,False,40,75,7/10,7,⚠️ Consumer Staples,consumi_staples,↔️↓ 46 · Δ+0.2,XLP · RSPS,46.0,0.2,contro,"Cibo, bevande & tabacco",cibo_bevande,,,74,—,2
ADBE,Adobe Inc.,252.23,-57.0,36.0,237.96,392.6,408.95,411.25,229.97–266.44 ·100,334.83–371.30 ·79,248.2056,Z1,—,,False,{},4.9,False,100,75,9/10,9,Information Technology,tech,🚀↑ 78 · Δ+2,XLK · RSPT,78.0,2.2,favore,Software & servizi IT,software,88.0,6.7,83,—,0
CPRT,"Copart, Inc.",29.95,-53.1,25.0,30.06,37.55,34.22,27.23,27.89–31.67 ·100,31.25–34.60 ·92,29.7781,Z1,—,,False,{},5.1,False,100,75,6/10,6,Industrials,industriale,↔️↓ 47 · Δ-1.3,XLI · RSPN,47.0,-1.3,contro,—,,,,76,—,20
BRO,"Brown & Brown, Inc.",66.19,-46.1,28.0,67.79,83.0,72.13,43.83,64.35–69.86 ·100,54.13–59.64 ·79,67.1049,Z1,—,,False,{},5.5,False,80,74,9/10,9,Financials,finanziario,🚀↑ 83 · Δ-0.6,XLF · RSPF,83.0,-0.6,favore,Assicurazioni,assicurazioni,64.0,,85,—,7
WYNN,"Wynn Resorts, Limited",87.7,-33.6,17.0,97.71,93.89,87.44,96.46,81.28–89.20 ·100,98.44–106.37 ·83,85.2382,Z1,🟡 2/6,classico,False,{},10.3,False,60,74,—,0,⚠️ Consumer Discretionary,consumi_disc,⚠️↓ 27 · Δ-0.7,XLY · RSPD,27.0,-0.7,contro,—,,,,69,—,21
TRI,Thomson Reuters Corporation,97.35,-52.5,40.0,95.45,92.08,124.71,113.22,94.14–105.88 ·100,78.50–88.93 ·97,100.0111,Z1,—,,False,{},,False,80,74,10/10,10,Industrials,industriale,↔️↓ 47 · Δ-1.3,XLI · RSPN,47.0,-1.3,contro,—,,,,75,—,22
NCLH,Norwegian Cruise Line Holdings Ltd.,14.82,-49.0,14.0,18.77,20.37,20.81,19.11,17.71–19.62 ·100,15.81–17.33 ·62,18.6688,,—,,False,{},21.3,False,60,74,8/10,8,Consumer Discretionary,consumi_disc,⚠️↓ 27 · Δ-0.7,XLY · RSPD,27.0,-0.7,contro,—,,,,70,—,26
PODD,Insulet Corporation,131.96,-62.6,25.0,149.85,228.24,194.8,179.36,138.80–157.59 ·100,155.24–164.63 ·44,148.1915,,—,,False,{},7.2,False,100,74,9/10,9,Health Care,sanita,📈→ 66 · Δ+5,XLV · RSPH,66.0,5.0,misto,Dispositivi medici,dispositivi,66.0,,80,—,11
APP,AppLovin Corporation,323.96,-55.8,60.0,397.7,459.74,396.7,294.01,9.14–48.42 ·100,58.24–92.61 ·67,28.7792,Z3,🟡 3/6,classico,False,{},3.6,False,80,73,2/10,2,Communication Services,comunicazioni,↔️↑ 47 · Δ-1.1,XLC · RSPC,47.0,-1.1,favore,Media & intrattenimento,media_intratten,,,72,—,5
KKR,KKR & Co. Inc.,101.08,-38.8,32.0,101.8,110.94,81.82,57.65,95.43–105.24 ·100,104.15–108.51 ·35,100.3331,Z1,—,,False,{},2.0,False,60,73,8/10,8,Financials,finanziario,🚀↑ 83 · Δ-0.6,XLF · RSPF,83.0,-0.6,favore,"Mercati capitali (broker, AM, exchanges)",mercati_capitali,67.0,,85,—,21
ARE,"Alexandria Real Estate Equities, Inc.",51.14,-54.0,38.0,50.91,94.71,94.2,81.64,48.84–54.35 ·100,44.43–49.94 ·99,51.593,Z1,🟡 2/6,classico,False,{},5.9,False,60,72,4/10,4,⚠️ Real Estate,immobiliare,↔️↓ 45 · Δ-1.9,XLRE · RSPR,45.0,-1.9,contro,REIT,REIT,46.0,,71,—,9
LEN,Lennar Corporation,79.6,-55.7,31.0,85.6,97.61,57.5,50.6,83.38–91.62 ·100,111.63–119.87 ·87,87.4987,,—,,False,{},0.2,False,40,72,8/10,8,Consumer Discretionary,consumi_disc,⚠️↓ 27 · Δ-0.7,XLY · RSPD,27.0,-0.7,contro,Costruzioni case,edilizia_casa,17.0,-0.3,65,⚠️ Trimestrale <2gg,4
DECK,Deckers Outdoor Corporation,81.27,-63.6,27.0,96.17,123.52,87.81,35.55,6.51–13.90 ·100,18.34–25.74 ·37,10.2056,,—,,False,{},7.3,False,100,72,6/10,6,Consumer Discretionary,consumi_disc,⚠️↓ 27 · Δ-0.7,XLY · RSPD,27.0,-0.7,contro,Abbigliamento & lusso,moda_lusso,,,65,—,3
GIS,"General Mills, Inc.",35.85,-47.1,28.0,37.02,51.39,49.56,46.76,34.60–37.68 ·100,46.04–48.24 ·82,36.1406,Z1,—,,False,{},11.2,False,60,71,9/10,9,Consumer Staples,consumi_staples,↔️↓ 46 · Δ+0.2,XLP · RSPS,46.0,0.2,contro,"Cibo, bevande & tabacco",cibo_bevande,,,70,—,1
INTU,Intuit Inc.,321.57,-59.7,27.0,305.48,460.58,466.57,437.52,364.37–395.82 ·100,631.69–657.90 ·78,380.0927,,—,,False,{},3.4,False,100,71,8/10,8,Information Technology,tech,🚀↑ 78 · Δ+2,XLK · RSPT,78.0,2.2,favore,Software & servizi IT,software,88.0,6.7,80,—,6
COIN,"Coinbase Global, Inc.",175.26,-58.2,45.0,164.77,245.45,207.48,160.86,50.83–67.35 ·100,160.99–180.27 ·87,59.09,Z2,🟡 3/6,classico,False,{},12.4,False,40,71,9/10,9,Financials,finanziario,🚀↑ 83 · Δ-0.6,XLF · RSPF,83.0,-0.6,favore,"Mercati capitali (broker, AM, exchanges)",mercati_capitali,67.0,,81,—,0
ALGN,"Align Technology, Inc.",150.82,-41.4,28.0,171.19,214.31,278.48,190.92,162.12–186.50 ·100,127.99–147.49 ·42,174.3105,,—,,False,{},6.2,False,80,71,—,0,Health Care,sanita,📈→ 66 · Δ+5,XLV · RSPH,66.0,5.0,misto,Dispositivi medici,dispositivi,66.0,,76,—,5
STZ,"Constellation Brands, Inc.",122.45,-50.2,21.0,133.18,184.86,149.83,140.55,127.45–135.79 ·100,145.80–155.81 ·93,131.6194,,🟡 2/6,classico,False,{},5.5,False,60,70,8/10,8,⚠️ Consumer Staples,consumi_staples,↔️↓ 46 · Δ+0.2,XLP · RSPS,46.0,0.2,contro,"Cibo, bevande & tabacco",cibo_bevande,,,70,—,8
DOW,Dow Inc.,29.03,-40.8,28.0,29.71,28.67,34.04,35.97,21.67–24.10 ·100,34.38–36.00 ·63,22.8865,Z3,—,,False,{},5.8,False,60,70,—,0,Materials,materiali,↔️↓ 51 · Δ+1.1,XLB · RSPM,51.0,1.1,contro,Chimica,chimica,,,70,—,2
AKAM,"Akamai Technologies, Inc.",106.79,-33.7,44.0,116.79,81.29,73.15,63.2,86.83–93.98 ·100,98.06–105.21 ·91,90.4016,Z4,🟡 2/6,classico,False,{},15.6,False,40,70,7/10,7,Information Technology,tech,🚀↑ 78 · Δ+2,XLK · RSPT,78.0,2.2,favore,Software & servizi IT,software,88.0,6.7,80,—,25
RDDT,"Reddit, Inc.",157.77,-41.7,53.0,166.52,162.26,167.64,,132.32–145.41 ·100,150.33–158.51 ·57,138.8647,Z2,🟡 4/6,classico,False,{},14.0,False,100,69,10/10,10,Communication Services,comunicazioni,↔️↑ 47 · Δ-1.1,XLC · RSPC,47.0,-1.1,favore,Software & servizi IT,software,88.0,6.7,70,—,25
DPZ,"Domino's Pizza, Inc.",311.6,-35.9,34.0,328.07,387.16,336.41,203.06,351.82–379.96 ·100,302.58–323.68 ·70,365.8864,Z2,—,,False,{},10.0,False,60,69,—,0,Consumer Discretionary,consumi_disc,⚠️↓ 27 · Δ-0.7,XLY · RSPD,27.0,-0.7,contro,Ristoranti & tempo libero,tempo_libero,,,64,—,21
ACN,Accenture plc,183.9,-52.4,49.0,148.28,253.44,242.88,136.39,178.20–192.90 ·100,234.55–249.25 ·93,185.5462,Z1,🟡 3/6,classico,False,{},4.6,False,100,69,4/10,4,Information Technology,tech,🚀↑ 78 · Δ+2,XLK · RSPT,78.0,2.2,favore,Software & servizi IT,software,88.0,6.7,77,—,1
BTRW.L,Barratt Redrow plc,280.2,-45.1,17.0,296.9,457.98,455.68,436.22,452.40–483.61 ·100,365.04–396.24 ·76,468.0048,Z3,—,,False,{},,False,40,69,9/10,9,Consumer Discretionary,consumi_disc,⚠️↓ 27 · Δ-0.7,XLY · RSPD,27.0,-0.7,contro,Costruzioni case,edilizia_casa,17.0,-0.3,65,⚠️ Trimestrale <2gg,28
Q,"Qnity Electronics, Inc.",126.4,-28.0,46.0,139.91,,,,140.12–142.26 ·100,108.78–110.92 ·87,141.1916,Z5,🟡 4/6,classico,False,{},2.5,False,80,69,—,0,Information Technology,tech,🚀↑ 78 · Δ+2,XLK · RSPT,78.0,2.2,favore,Semiconduttori & equipaggiamento,semiconduttori,42.0,-5.2,77,—,2
NVR,"NVR, Inc.",6160.76,-37.9,39.0,6399.4,7388.63,5844.87,5274.31,6103.14–6553.66 ·100,7132.91–7583.43 ·93,6328.3996,Z1,—,,False,{},6.2,False,80,68,—,0,Consumer Discretionary,consumi_disc,⚠️↓ 27 · Δ-0.7,XLY · RSPD,27.0,-0.7,contro,Costruzioni case,edilizia_casa,17.0,-0.3,61,—,5
XYL,Xylem Inc.,106.96,-29.1,33.0,115.44,114.54,107.51,78.33,118.30–124.53 ·100,105.84–113.85 ·92,121.4177,Z2,🟡 4/6,classico,False,{},4.4,False,80,68,9/10,9,⚠️ Industrials,industriale,↔️↓ 47 · Δ-1.3,XLI · RSPN,47.0,-1.3,contro,Beni strumentali & macchinari,capital_goods,48.0,,68,—,14
ALNY,"Alnylam Pharmaceuticals, Inc.",248.68,-49.4,60.0,255.35,335.85,154.72,147.65,260.51–283.36 ·100,142.99–159.31 ·90,271.934,Z3,🟡 2/6,classico,False,{},6.3,False,80,68,4/10,4,Health Care,sanita,📈→ 66 · Δ+5,XLV · RSPH,66.0,5.0,misto,Biotecnologie,biotech,91.0,-1.3,73,—,2
AUTO.L,Autotrader Group plc,503.6,-44.5,35.0,509.7,619.34,595.45,576.48,467.61–499.57 ·100,586.34–609.18 ·60,483.5894,,—,,False,{},,False,100,68,7/10,7,Communication Services,comunicazioni,↔️↑ 47 · Δ-1.1,XLC · RSPC,47.0,-1.1,favore,Software & servizi IT,software,88.0,6.7,67,—,2
GDDY,GoDaddy Inc.,98.07,-54.2,52.0,89.87,123.93,101.15,84.54,68.35–80.11 ·100,81.41–89.25 ·55,74.2267,,🟡 4/6,classico,False,{},6.4,False,80,68,—,0,Information Technology,tech,🚀↑ 78 · Δ+2,XLK · RSPT,78.0,2.2,favore,Software & servizi IT,software,88.0,6.7,77,—,12
LULU,lululemon athletica inc.,98.97,-76.5,30.0,112.87,274.55,157.17,143.72,111.87–129.01 ·100,156.43–173.57 ·99,120.4368,,—,,False,{},12.8,False,80,67,5/10,5,Consumer Discretionary,consumi_disc,⚠️↓ 27 · Δ-0.7,XLY · RSPD,27.0,-0.7,contro,Abbigliamento & lusso,moda_lusso,,,60,—,3
ON,ON Semiconductor Corporation,76.14,-43.1,54.0,88.62,82.55,67.6,59.48,65.53–72.56 ·100,48.84–52.36 ·62,69.045,,🟢 4/6,sifrediana_bypass,True,"{'is_sifrediana': True, 'close_position': np.float64(0.99), 'volume_ratio': np.float64(1.53), 'volatility_ratio': np.float64(2.13), 'close_price': np.float64(76.14)}",10.7,True,80,67,5/10,5,Information Technology,tech,🚀↑ 78 · Δ+2,XLK · RSPT,78.0,2.2,favore,Semiconduttori & equipaggiamento,semiconduttori,42.0,-5.2,85,—,23
MSTR,Strategy Inc,130.97,-72.4,56.0,107.01,236.71,206.15,176.19,118.39–147.18 ·100,14.04–35.63 ·56,132.7862,Z1,—,,False,{},8.6,False,40,67,10/10,10,Information Technology,tech,🚀↑ 78 · Δ+2,XLK · RSPT,78.0,2.2,favore,Software & servizi IT,software,88.0,6.7,75,—,2
KER.PA,Kering SA,238.05,-29.9,34.0,259.34,241.8,363.91,345.71,237.55–260.12 ·100,219.50–237.55 ·63,248.838,Z1,—,,False,{},,False,40,67,10/10,10,Consumer Discretionary,consumi_disc,⚠️↓ 27 · Δ-0.7,XLY · RSPD,27.0,-0.7,contro,Abbigliamento & lusso,moda_lusso,,,63,—,30
VRSK,"Verisk Analytics, Inc.",176.2,-44.6,35.0,186.37,182.88,207.02,198.1,172.18–187.90 ·100,213.45–227.20 ·53,180.0438,Z1,—,,False,{},3.0,False,60,67,8/10,8,Industrials,industriale,↔️↓ 47 · Δ-1.3,XLI · RSPN,47.0,-1.3,contro,Beni strumentali & macchinari,capital_goods,48.0,,69,—,34
EFX,Equifax Inc.,169.0,-43.9,24.0,171.98,220.65,212.93,207.1,188.87–206.14 ·100,162.02–171.61 ·66,197.5046,Z2,—,,False,{},7.7,False,60,67,4/10,4,Industrials,industriale,↔️↓ 47 · Δ-1.3,XLI · RSPN,47.0,-1.3,contro,Beni strumentali & macchinari,capital_goods,48.0,,68,—,24
FDS,FactSet Research Systems Inc.,259.71,-46.2,31.0,264.64,237.44,334.14,320.28,263.82–291.25 ·100,221.15–236.39 ·53,277.536,Z4,—,,False,{},14.5,False,100,66,9/10,9,Financials,finanziario,🚀↑ 83 · Δ-0.6,XLF · RSPF,83.0,-0.6,favore,"Mercati capitali (broker, AM, exchanges)",mercati_capitali,67.0,,77,—,14
TMUS,"T-Mobile US, Inc.",182.33,-31.3,50.0,179.81,152.64,101.82,96.69,128.36–140.50 ·100,178.65–192.52 ·82,134.4265,Z2,🟢 5/6,classico,False,{},3.6,False,80,66,—,0,Communication Services,comunicazioni,↔️↑ 47 · Δ-1.1,XLC · RSPC,47.0,-1.1,favore,Telecomunicazioni,telecom,,,65,—,5
PSN.L,Persimmon Plc,1101.5,-35.9,33.0,1107.31,1490.14,1610.27,1690.14,1071.65–1174.53 ·100,1153.96–1236.26 ·81,1123.0943,Z1,—,,False,{},,False,60,66,10/10,10,Consumer Discretionary,consumi_disc,⚠️↓ 27 · Δ-0.7,XLY · RSPD,27.0,-0.7,contro,Costruzioni case,edilizia_casa,17.0,-0.3,60,—,8
MKC,"McCormick & Company, Incorporated",51.32,-36.7,27.0,51.11,67.32,68.95,67.48,64.78–68.83 ·100,50.89–53.79 ·54,66.8069,Z2,🟡 2/6,classico,False,{},,False,100,66,10/10,10,⚠️ Consumer Staples,consumi_staples,↔️↓ 46 · Δ+0.2,XLP · RSPS,46.0,0.2,contro,"Cibo, bevande & tabacco",cibo_bevande,,,70,—,50
PTC,PTC Inc.,130.78,-39.6,24.0,130.67,147.53,141.39,86.34,130.44–141.77 ·100,168.69–175.77 ·59,136.1027,Z1,🟡 2/6,classico,False,{},8.8,False,80,66,—,0,Information Technology,tech,🚀↑ 78 · Δ+2,XLK · RSPT,78.0,2.2,favore,Software & servizi IT,software,88.0,6.7,76,—,24
APTV,Aptiv PLC,45.54,-48.6,39.0,51.67,65.96,74.41,86.32,65.66–71.19 ·100,76.73–82.26 ·78,68.4243,,—,,False,{},7.0,False,80,66,2/10,2,Consumer Discretionary,consumi_disc,⚠️↓ 27 · Δ-0.7,XLY · RSPD,27.0,-0.7,contro,Auto & componenti,auto_componenti,,,61,—,19
LVS,Las Vegas Sands Corp.,42.83,-37.3,25.0,45.97,50.15,47.66,44.83,49.18–52.83 ·100,44.62–47.81 ·82,51.004,,—,,False,{},13.9,False,60,66,9/10,9,Consumer Discretionary,consumi_disc,⚠️↓ 27 · Δ-0.7,XLY · RSPD,27.0,-0.7,contro,—,,,,62,—,34
CNA.L,Centrica plc,148.4,-32.1,33.0,162.8,138.53,105.89,111.14,138.20–150.61 ·100,128.28–140.68 ·95,144.4041,Z1,—,,False,{},,False,100,66,2/10,2,Utilities,utilities,🔻↓ 23 · Δ-0.8,XLU · RSPU,23.0,-0.8,contro,"Utility regolate (elettrico, gas, acqua)",utility_regolate,,,60,—,22
WTB.L,Whitbread plc,2342.0,-29.3,28.0,2421.54,2934.84,2881.72,2838.58,2311.35–2475.53 ·100,2803.90–2968.09 ·98,2393.4421,Z1,🟡 3/6,classico,False,{},,False,60,66,9/10,9,⚠️ Consumer Discretionary,consumi_disc,⚠️↓ 27 · Δ-0.7,XLY · RSPD,27.0,-0.7,contro,Ristoranti & tempo libero,tempo_libero,,,59,—,1
ARES,Ares Management Corporation,131.64,-30.1,32.0,129.58,138.03,108.21,100.22,120.76–131.78 ·100,115.86–121.98 ·49,126.2703,Z1,—,,False,{},14.5,False,60,66,4/10,4,Financials,finanziario,🚀↑ 83 · Δ-0.6,XLF · RSPF,83.0,-0.6,favore,"Mercati capitali (broker, AM, exchanges)",mercati_capitali,67.0,,78,—,25
STLAP.PA,Stellantis N.V.,4.53,-66.1,53.0,4.89,10.8,10.8,10.79,8.39–9.12 ·100,10.44–11.18 ·80,8.7563,,—,,False,{},,False,40,65,9/10,9,Consumer Discretionary,consumi_disc,⚠️↓ 27 · Δ-0.7,XLY · RSPD,27.0,-0.7,contro,Auto & componenti,auto_componenti,,,58,—,0
DHI,"D.R. Horton, Inc.",137.89,-28.4,33.0,149.33,105.46,49.92,42.43,135.57–145.74 ·100,37.73–41.54 ·32,140.6559,Z1,—,,False,{},4.8,False,60,65,8/10,8,Consumer Discretionary,consumi_disc,⚠️↓ 27 · Δ-0.7,XLY · RSPD,27.0,-0.7,contro,Costruzioni case,edilizia_casa,17.0,-0.3,58,—,0
IT,"Gartner, Inc.",179.59,-67.5,40.0,159.42,159.01,280.14,265.99,142.66–169.52 ·100,238.60–257.79 ·47,156.0879,,🟡 2/6,classico,False,{},17.9,False,60,65,6/10,6,Information Technology,tech,🚀↑ 78 · Δ+2,XLK · RSPT,78.0,2.2,favore,Software & servizi IT,software,88.0,6.7,76,—,29
APO,"Apollo Global Management, Inc.",128.98,-25.8,41.0,126.09,133.1,93.27,70.05,125.40–132.65 ·100,131.44–137.47 ·83,129.0249,Z1,🟡 2/6,classico,False,{},4.3,False,40,65,8/10,8,Financials,finanziario,🚀↑ 83 · Δ-0.6,XLF · RSPF,83.0,-0.6,favore,"Mercati capitali (broker, AM, exchanges)",mercati_capitali,67.0,,79,—,35
TYL,"Tyler Technologies, Inc.",336.67,-47.9,43.0,325.53,436.29,410.81,283.96,319.00–353.66 ·100,293.00–310.33 ·43,336.33,Z1,—,,False,{},10.9,False,80,65,6/10,6,Information Technology,tech,🚀↑ 78 · Δ+2,XLK · RSPT,78.0,2.2,favore,Software & servizi IT,software,88.0,6.7,74,—,12
BAB.L,Babcock International Group PLC,967.8,-35.6,14.0,1047.21,889.2,725.35,631.03,267.35–329.88 ·100,472.82–544.28 ·86,298.6183,,—,,False,{},,False,60,65,4/10,4,Industrials,industriale,↔️↓ 47 · Δ-1.3,XLI · RSPN,47.0,-1.3,contro,—,,,,64,—,1
IP,International Paper Company,34.36,-38.3,14.0,38.62,37.94,31.77,29.76,30.01–33.25 ·100,33.97–36.49 ·82,31.6325,Z2,—,,False,{},15.5,False,40,64,6/10,6,Consumer Discretionary,consumi_disc,⚠️↓ 27 · Δ-0.7,XLY · RSPD,27.0,-0.7,contro,—,,,,61,—,35
PDD,PDD Holdings Inc.,77.81,-49.6,15.0,83.62,94.48,97.55,95.5,97.57–102.80 ·100,93.65–98.88 ·98,100.1865,,—,,False,{},3.7,False,100,64,—,0,Consumer Discretionary,consumi_disc,⚠️↓ 27 · Δ-0.7,XLY · RSPD,27.0,-0.7,contro,Distribuzione & retail (tutti i formati),distribuzione,30.0,-1.9,61,—,37
HSY,The Hershey Company,173.32,-25.5,26.0,176.53,188.78,166.88,111.77,170.76–181.55 ·100,180.01–187.71 ·68,176.1534,Z1,🟡 3/6,classico,False,{},7.3,False,80,64,8/10,8,⚠️ Consumer Staples,consumi_staples,↔️↓ 46 · Δ+0.2,XLP · RSPS,46.0,0.2,contro,—,,,,65,—,24
ODFL,"Old Dominion Freight Line, Inc.",179.79,-27.6,14.0,212.6,194.56,155.69,81.63,138.76–150.38 ·100,152.04–160.34 ·80,144.5742,Z3,—,,False,{},4.6,False,100,64,8/10,8,Industrials,industriale,↔️↓ 47 · Δ-1.3,XLI · RSPN,47.0,-1.3,contro,Trasporti,trasporti,46.0,,65,—,20
STJ.L,St. James's Place plc,1126.5,-27.5,25.0,1149.29,1027.67,1017.04,949.61,1120.93–1207.94 ·100,1218.82–1284.08 ·55,1164.4355,Z1,🟡 3/6,classico,False,{},,False,80,63,9/10,9,Financials,finanziario,🚀↑ 83 · Δ-0.6,XLF · RSPF,83.0,-0.6,favore,"Mercati capitali (broker, AM, exchanges)",mercati_capitali,67.0,,74,—,10
EXR,Extra Space Storage Inc.,137.64,-18.7,20.0,145.95,137.96,129.86,86.58,136.15–143.64 ·100,126.17–131.16 ·46,139.8928,Z1,—,,False,{},2.9,False,60,63,—,0,Real Estate,immobiliare,↔️↓ 45 · Δ-1.9,XLRE · RSPR,45.0,-1.9,contro,REIT,REIT,46.0,,64,—,29
AOS,A. O. Smith Corporation,57.39,-34.0,26.0,60.51,62.0,52.19,41.65,60.93–64.93 ·100,64.36–67.22 ·72,62.9307,Z3,—,,False,{},11.0,False,80,63,7/10,7,Industrials,industriale,↔️↓ 47 · Δ-1.3,XLI · RSPN,47.0,-1.3,contro,Beni strumentali & macchinari,capital_goods,48.0,,66,—,38
IDXX,"IDEXX Laboratories, Inc.",504.7,-34.2,24.0,556.91,577.54,513.05,489.08,457.44–502.81 ·100,528.02–563.30 ·85,480.1263,,—,,False,{},3.0,False,100,63,—,0,Health Care,sanita,📈→ 66 · Δ+5,XLV · RSPH,66.0,5.0,misto,Biotecnologie,biotech,91.0,-1.3,70,—,22
FSLR,"First Solar, Inc.",209.03,-34.3,46.0,224.72,183.53,154.99,88.75,186.82–205.40 ·100,155.87–166.19 ·50,196.1103,,—,,False,{},11.5,False,80,63,8/10,8,Information Technology,tech,🚀↑ 78 · Δ+2,XLK · RSPT,78.0,2.2,favore,—,,,,73,—,21
TSN,"Tyson Foods, Inc.",52.98,-21.6,29.0,56.54,57.34,49.45,45.15,51.26–55.04 ·100,54.50–57.20 ·71,53.1529,Z1,🟡 3/6,classico,False,{},3.1,False,40,63,2/10,2,⚠️ Consumer Staples,consumi_staples,↔️↓ 46 · Δ+0.2,XLP · RSPS,46.0,0.2,contro,"Cibo, bevande & tabacco",cibo_bevande,,,65,—,26
BA,The Boeing Company,210.45,-16.5,44.0,218.86,212.56,199.64,188.83,203.97–217.76 ·100,168.13–181.92 ·78,210.8659,Z1,—,,False,{},0.0,False,60,63,—,0,Industrials,industriale,↔️↓ 47 · Δ-1.3,XLI · RSPN,47.0,-1.3,contro,Aerospazio & difesa,aero_difesa,17.0,-6.3,66,—,36
CRH,CRH plc,88.55,-31.8,34.0,100.29,95.38,90.34,85.82,95.45–102.70 ·100,88.20–94.64 ·83,99.0758,Z2,—,,False,{},2.2,False,100,63,—,0,Materials,materiali,↔️↓ 51 · Δ+1.1,XLB · RSPM,51.0,1.1,contro,—,,,,66,—,28
GNRC,Generac Holdings Inc.,186.99,-36.7,35.0,220.92,210.62,185.08,184.94,100.09–124.23 ·100,127.68–148.37 ·63,112.1584,,🟡 2/6,classico,False,{},4.6,False,80,63,4/10,4,⚠️ Industrials,industriale,↔️↓ 47 · Δ-1.3,XLI · RSPN,47.0,-1.3,contro,Beni strumentali & macchinari,capital_goods,48.0,,63,—,6
CMCSA,Comcast Corporation,25.2,-35.9,36.0,24.25,30.72,32.83,22.17,29.40–31.53 ·100,26.35–28.48 ·99,30.4646,Z4,🟡 3/6,classico,False,{},2.6,False,40,63,5/10,5,Communication Services,comunicazioni,↔️↑ 47 · Δ-1.1,XLC · RSPC,47.0,-1.1,favore,Telecomunicazioni,telecom,,,66,—,35
SMCI,"Super Micro Computer, Inc.",40.1,-33.9,58.0,32.75,31.85,37.7,50.84,26.56–33.91 ·100,43.70–49.42 ·49,30.231,Z3,🟡 3/6,classico,False,{},18.5,False,80,62,4/10,4,Information Technology,tech,🚀↑ 78 · Δ+2,XLK · RSPT,78.0,2.2,favore,Hardware tecnologico,hardware,84.0,,73,—,29
HON,Honeywell International Inc.,202.36,-21.5,29.0,230.46,190.17,182.86,130.53,198.06–211.04 ·100,212.66–222.40 ·58,204.5498,Z1,—,,False,{},2.0,False,80,62,7/10,7,Industrials,industriale,↔️↓ 47 · Δ-1.3,XLI · RSPN,47.0,-1.3,contro,—,,,,62,—,14
CARR,Carrier Global Corporation,57.46,-28.6,36.0,64.9,62.25,62.03,59.93,52.86–56.15 ·100,62.26–65.55 ·91,54.5086,,—,,False,{},2.2,False,80,62,8/10,8,Industrials,industriale,↔️↓ 47 · Δ-1.3,XLI · RSPN,47.0,-1.3,contro,Beni strumentali & macchinari,capital_goods,48.0,,62,—,8
FERG,Ferguson Enterprises Inc.,222.54,-16.2,29.0,242.86,181.45,181.38,181.38,217.88–231.40 ·100,233.09–239.85 ·40,224.6391,Z1,—,,False,{},3.2,False,40,62,—,0,Industrials,industriale,↔️↓ 47 · Δ-1.3,XLI · RSPN,47.0,-1.3,contro,Distribuzione & retail (tutti i formati),distribuzione,30.0,-1.9,62,—,12
TKO,"TKO Group Holdings, Inc.",190.31,-14.7,46.0,192.68,113.93,81.22,76.09,184.06–195.80 ·100,72.53–85.74 ·98,189.9311,Z1,—,,False,{},11.2,False,80,62,8/10,8,Communication Services,comunicazioni,↔️↑ 47 · Δ-1.1,XLC · RSPC,47.0,-1.1,favore,Media & intrattenimento,media_intratten,,,61,—,0
MCHP,Microchip Technology Incorporated,74.2,-27.3,46.0,81.82,78.39,69.53,66.56,60.83–66.82 ·100,69.48–75.47 ·98,63.8282,Z2,🟡 2/6,classico,False,{},8.1,False,80,61,8/10,8,Information Technology,tech,🚀↑ 78 · Δ+2,XLK · RSPT,78.0,2.2,favore,Semiconduttori & equipaggiamento,semiconduttori,42.0,-5.2,71,—,21
ADS.DE,adidas AG,142.85,-44.2,24.0,165.24,173.17,193.64,176.83,152.06–164.11 ·100,170.14–178.17 ·50,158.0866,,—,,False,{},,False,80,61,9/10,9,Consumer Discretionary,consumi_disc,⚠️↓ 27 · Δ-0.7,XLY · RSPD,27.0,-0.7,contro,Abbigliamento & lusso,moda_lusso,,,55,—,10
ZAL.DE,Zalando SE,22.6,-43.3,47.0,25.4,26.1,36.21,36.28,21.95–24.94 ·100,25.54–27.94 ·46,23.4458,Z1,—,,False,{},,False,60,61,6/10,6,Consumer Discretionary,consumi_disc,⚠️↓ 27 · Δ-0.7,XLY · RSPD,27.0,-0.7,contro,Distribuzione & retail (tutti i formati),distribuzione,30.0,-1.9,55,—,7
BAX,Baxter International Inc.,23.8,-39.4,23.0,24.47,21.15,26.66,39.98,17.55–19.85 ·100,29.05–31.35 ·63,18.7041,,—,,False,{},7.1,False,60,61,5/10,5,Health Care,sanita,📈→ 66 · Δ+5,XLV · RSPH,66.0,5.0,misto,Dispositivi medici,dispositivi,66.0,,67,—,7
CCL,Carnival Corporation Ltd.,22.75,-32.0,23.0,26.9,26.54,18.17,17.74,15.99–18.38 ·100,8.41–10.40 ·81,17.1845,,—,,False,{},3.4,False,80,61,8/10,8,Consumer Discretionary,consumi_disc,⚠️↓ 27 · Δ-0.7,XLY · RSPD,27.0,-0.7,contro,—,,,,56,—,20
PNR,Pentair plc,56.58,-49.1,8.0,65.77,77.1,68.34,55.22,36.91–41.77 ·100,32.74–35.52 ·57,39.337,,—,,False,{},6.1,False,80,61,6/10,6,Industrials,industriale,↔️↓ 47 · Δ-1.3,XLI · RSPN,47.0,-1.3,contro,Beni strumentali & macchinari,capital_goods,48.0,,61,—,7
COST,Costco Wholesale Corporation,904.77,-17.2,32.0,941.46,681.7,557.33,421.97,895.39–938.11 ·100,938.11–973.71 ·97,916.7471,Z1,—,,False,{},1.7,False,80,60,8/10,8,Consumer Staples,consumi_staples,↔️↓ 46 · Δ+0.2,XLP · RSPS,46.0,0.2,contro,Distribuzione & retail (tutti i formati),distribuzione,30.0,-1.9,60,—,9
FME.DE,Fresenius Medical Care AG,39.55,-21.6,42.0,41.19,40.1,37.34,43.38,37.87–40.18 ·100,40.56–42.10 ·53,39.0207,Z1,🟡 2/6,classico,False,{},,False,80,60,4/10,4,Health Care,sanita,📈→ 66 · Δ+5,XLV · RSPH,66.0,5.0,misto,"Servizi sanitari (payer, ospedali)",servizi_sanita,91.0,,68,—,30
UHS,"Universal Health Services, Inc.",174.83,-28.1,46.0,160.02,183.88,170.37,150.67,117.30–131.18 ·100,171.26–182.05 ·78,124.2411,Z2,🟡 4/6,classico,False,{},6.2,False,100,60,8/10,8,Health Care,sanita,📈→ 66 · Δ+5,XLV · RSPH,66.0,5.0,misto,"Servizi sanitari (payer, ospedali)",servizi_sanita,91.0,,65,—,1
SN.L,Smith & Nephew plc,1052.5,-26.6,41.0,1110.43,1201.39,1212.46,1100.73,1054.18–1140.00 ·100,1193.64–1247.28 ·46,1097.0897,Z5,—,,False,{},,False,80,60,8/10,8,Health Care,sanita,📈→ 66 · Δ+5,XLV · RSPH,66.0,5.0,misto,Dispositivi medici,dispositivi,66.0,,67,—,25
LII,Lennox International Inc.,366.04,-45.1,28.0,469.08,390.32,361.06,220.88,474.34–509.73 ·100,231.03–262.00 ·82,492.0379,,🟡 2/6,classico,False,{},7.0,False,80,60,7/10,7,⚠️ Industrials,industriale,↔️↓ 47 · Δ-1.3,XLI · RSPN,47.0,-1.3,contro,Beni strumentali & macchinari,capital_goods,48.0,,59,—,0
MRSH,"Marsh & McLennan Companies, Inc.",176.91,-25.8,23.0,181.19,164.22,153.18,129.02,171.39–183.67 ·100,—,177.5293,Z1,—,,False,{},1.4,False,80,60,—,0,Financials,finanziario,🚀↑ 83 · Δ-0.6,XLF · RSPF,83.0,-0.6,favore,Assicurazioni,assicurazioni,64.0,,71,—,7
KMB,Kimberly-Clark Corporation,98.15,-28.6,23.0,106.7,110.54,108.79,102.66,96.23–100.96 ·100,103.33–108.85 ·99,98.5983,Z1,—,,False,{},17.2,False,80,60,8/10,8,Consumer Staples,consumi_staples,↔️↓ 46 · Δ+0.2,XLP · RSPS,46.0,0.2,contro,"Casa, toeletta & bellezza",prodotti_persona,,,61,—,15
PSH.L,"Pershing Square Holdings, Ltd.",3774.0,-25.8,37.0,3829.78,4245.42,4010.9,3171.62,3745.16–4055.02 ·100,2738.10–3047.97 ·86,3900.0923,Z1,—,,False,{},,False,40,60,7/10,7,Financials,finanziario,🚀↑ 83 · Δ-0.6,XLF · RSPF,83.0,-0.6,favore,"Mercati capitali (broker, AM, exchanges)",mercati_capitali,67.0,,72,—,17
INVH,Invitation Homes Inc.,27.54,-19.6,11.0,29.54,30.29,29.22,28.05,28.82–30.22 ·100,27.42–28.65 ·81,29.5215,Z2,—,,False,{},3.3,False,80,60,8/10,8,Real Estate,immobiliare,↔️↓ 45 · Δ-1.9,XLRE · RSPR,45.0,-1.9,contro,REIT,REIT,46.0,,62,—,37
CPT,Camden Property Trust,103.01,-13.3,28.0,110.61,103.27,92.3,76.93,102.89–106.76 ·100,97.09–101.92 ·89,104.8252,Z1,—,,False,{},4.4,False,40,60,—,0,Real Estate,immobiliare,↔️↓ 45 · Δ-1.9,XLRE · RSPR,45.0,-1.9,contro,REIT,REIT,46.0,,61,—,28
AVY,Avery Dennison Corporation,169.38,-20.5,26.0,169.03,167.51,84.35,79.98,165.08–177.76 ·100,159.44–166.49 ·47,171.4182,Z1,🟡 3/6,classico,False,{},4.1,False,80,60,5/10,5,⚠️ Consumer Discretionary,consumi_disc,⚠️↓ 27 · Δ-0.7,XLY · RSPD,27.0,-0.7,contro,—,,,,57,—,35
SAN.PA,Sanofi,75.29,-24.3,33.0,75.74,75.53,63.6,61.06,73.67–77.51 ·100,79.71–83.55 ·69,75.5907,Z1,—,,False,{},,False,80,60,5/10,5,Health Care,sanita,📈→ 66 · Δ+5,XLV · RSPH,66.0,5.0,misto,Farmaceutici,farmaci,60.0,10.4,69,—,38
AJG,Arthur J. Gallagher & Co.,240.32,-30.0,32.0,246.5,232.03,208.34,127.19,235.81–253.75 ·100,208.89–224.59 ·88,244.7795,Z1,—,,False,{},2.6,False,80,59,8/10,8,Financials,finanziario,🚀↑ 83 · Δ-0.6,XLF · RSPF,83.0,-0.6,favore,Assicurazioni,assicurazioni,64.0,,71,—,20
ALB,Albemarle Corporation,117.52,-45.2,22.0,130.45,110.3,133.67,117.17,74.99–93.28 ·100,64.83–74.99 ·50,84.1334,,—,,False,{},0.1,False,80,59,—,0,Materials,materiali,↔️↓ 51 · Δ+1.1,XLB · RSPM,51.0,1.1,contro,Chimica,chimica,,,60,—,13
ISRG,"Intuitive Surgical, Inc.",369.15,-39.5,43.0,378.73,430.16,347.75,165.03,37.74–62.00 ·100,167.14–183.31 ·49,49.867,,🟡 2/6,classico,False,{},2.2,False,80,59,5/10,5,Health Care,sanita,📈→ 66 · Δ+5,XLV · RSPH,66.0,5.0,misto,Dispositivi medici,dispositivi,66.0,,64,—,0
COF,Capital One Financial Corporation,208.3,-18.3,35.0,208.61,194.58,181.46,138.34,204.84–218.21 ·100,174.77–186.46 ·84,211.5265,Z1,—,,False,{},2.0,False,40,59,8/10,8,Financials,finanziario,🚀↑ 83 · Δ-0.6,XLF · RSPF,83.0,-0.6,favore,"Mercati capitali (broker, AM, exchanges)",mercati_capitali,67.0,,70,—,8
TAP,Molson Coors Beverage Company,38.93,-34.1,25.0,40.32,46.76,51.13,51.26,42.58–45.67 ·100,39.93–43.02 ·92,44.1251,,—,,False,{},27.3,False,60,59,—,0,Consumer Staples,consumi_staples,↔️↓ 46 · Δ+0.2,XLP · RSPS,46.0,0.2,contro,"Cibo, bevande & tabacco",cibo_bevande,,,60,—,22
SHW,The Sherwin-Williams Company,323.31,-17.8,27.0,338.5,332.35,280.94,148.48,335.41–355.82 ·100,320.11–337.96 ·85,345.6153,Z2,—,,False,{},2.9,False,80,59,—,0,Materials,materiali,↔️↓ 51 · Δ+1.1,XLB · RSPM,51.0,1.1,contro,Chimica,chimica,,,61,—,24
WM,"Waste Management, Inc.",213.46,-12.3,31.0,224.88,209.67,179.76,127.64,212.05–221.32 ·100,219.78–227.51 ·78,216.6861,Z1,—,,False,{},1.5,False,80,59,—,0,Industrials,industriale,↔️↓ 47 · Δ-1.3,XLI · RSPN,47.0,-1.3,contro,Beni strumentali & macchinari,capital_goods,48.0,,60,—,23
FICO,Fair Isaac Corporation,985.39,-58.6,28.0,1118.0,1507.03,941.58,509.63,360.56–504.14 ·100,25.56–57.46 ·15,432.3517,,🟡 3/6,classico,False,{},10.0,False,60,59,6/10,6,Information Technology,tech,🚀↑ 78 · Δ+2,XLK · RSPT,78.0,2.2,favore,Software & servizi IT,software,88.0,6.7,68,—,8
HUBB,Hubbell Incorporated,460.4,-17.0,45.0,486.73,411.19,314.68,208.71,456.31–485.49 ·100,408.91–430.79 ·73,470.8994,Z1,—,,False,{},6.6,False,80,59,7/10,7,Industrials,industriale,↔️↓ 47 · Δ-1.3,XLI · RSPN,47.0,-1.3,contro,Beni strumentali & macchinari,capital_goods,48.0,,59,—,6
HWDN.L,Howden Joinery Group Plc,734.5,-24.9,26.0,797.13,765.33,732.08,511.59,802.90–861.24 ·100,757.52–789.93 ·42,832.0706,Z3,—,,False,{},,False,100,59,9/10,9,Consumer Discretionary,consumi_disc,⚠️↓ 27 · Δ-0.7,XLY · RSPD,27.0,-0.7,contro,Abbigliamento & lusso,moda_lusso,,,53,—,11
CCI,Crown Castle Inc.,75.62,-31.2,50.0,77.43,90.08,101.61,104.19,82.04–87.31 ·100,91.53–96.80 ·84,84.6744,Z5,🟡 3/6,classico,False,{},2.7,False,40,59,9/10,9,⚠️ Real Estate,immobiliare,↔️↓ 45 · Δ-1.9,XLRE · RSPR,45.0,-1.9,contro,REIT,REIT,46.0,,58,—,10
PSKY,Paramount Skydance Corporation,10.6,-45.5,55.0,9.54,12.27,22.14,27.86,9.24–12.17 ·100,13.34–15.68 ·38,10.7043,Z1,🟡 3/6,classico,False,{},14.1,False,40,58,—,0,Communication Services,comunicazioni,↔️↑ 47 · Δ-1.1,XLC · RSPC,47.0,-1.1,favore,Media & intrattenimento,media_intratten,,,57,—,5
BEI.DE,Beiersdorf Aktiengesellschaft,74.92,-44.1,21.0,77.72,98.39,90.51,71.47,85.65–91.30 ·100,90.50–94.53 ·70,88.4781,,—,,False,{},,False,60,58,9/10,9,Consumer Staples,consumi_staples,↔️↓ 46 · Δ+0.2,XLP · RSPS,46.0,0.2,contro,"Casa, toeletta & bellezza",prodotti_persona,,,59,—,21
KGF.L,Kingfisher plc,288.4,-22.1,25.0,299.99,304.19,267.66,289.08,237.03–258.84 ·100,277.92–294.27 ·68,247.9359,Z2,—,,False,{},,False,60,58,10/10,10,Consumer Discretionary,consumi_disc,⚠️↓ 27 · Δ-0.7,XLY · RSPD,27.0,-0.7,contro,Distribuzione & retail (tutti i formati),distribuzione,30.0,-1.9,52,—,8
KLAC,KLA Corporation,180.64,-40.1,47.0,214.9,137.79,64.79,54.01,0.85–19.22 ·100,27.38–41.67 ·68,10.0332,,—,,False,{},2.5,False,100,58,8/10,8,Information Technology,tech,🚀↑ 78 · Δ+2,XLK · RSPT,78.0,2.2,favore,Semiconduttori & equipaggiamento,semiconduttori,42.0,-5.2,67,—,7
LYB,LyondellBasell Industries N.V.,63.69,-24.1,38.0,59.52,59.59,62.8,50.9,50.88–55.95 ·100,62.70–65.51 ·57,53.4162,Z2,🟡 3/6,classico,False,{},5.4,False,60,58,—,0,⚠️ Materials,materiali,↔️↓ 51 · Δ+1.1,XLB · RSPM,51.0,1.1,contro,Chimica,chimica,,,60,—,21
UDR,"UDR, Inc.",35.12,-18.9,17.0,38.2,37.13,36.38,29.68,36.37–38.26 ·100,34.81–36.37 ·80,37.3143,Z2,—,,False,{},4.0,False,40,58,8/10,8,Real Estate,immobiliare,↔️↓ 45 · Δ-1.9,XLRE · RSPR,45.0,-1.9,contro,REIT,REIT,46.0,,60,—,45
RNO.PA,Renault SA,29.57,-36.5,57.0,27.46,28.17,38.12,36.55,28.78–31.11 ·100,27.84–29.25 ·61,29.9468,Z1,🟡 3/6,classico,False,{},,False,40,58,—,0,⚠️ Consumer Discretionary,consumi_disc,⚠️↓ 27 · Δ-0.7,XLY · RSPD,27.0,-0.7,contro,Auto & componenti,auto_componenti,,,54,—,28
PYPL,"PayPal Holdings, Inc.",53.72,-40.8,32.0,52.78,47.49,61.09,97.33,55.53–64.76 ·100,64.76–72.15 ·64,60.1468,,🟡 2/6,classico,False,{},4.4,False,100,58,8/10,8,Financials,finanziario,🚀↑ 83 · Δ-0.6,XLF · RSPF,83.0,-0.6,favore,"Mercati capitali (broker, AM, exchanges)",mercati_capitali,67.0,,70,—,21
ICG.L,ICG plc,1896.0,-22.6,28.0,1891.22,1768.6,1760.2,1691.1,1994.67–2121.80 ·100,1851.64–1946.99 ·64,2058.2368,Z2,—,,False,{},,False,60,58,4/10,4,Financials,finanziario,🚀↑ 83 · Δ-0.6,XLF · RSPF,83.0,-0.6,favore,"Mercati capitali (broker, AM, exchanges)",mercati_capitali,67.0,,69,—,8
HII,"Huntington Ingalls Industries, Inc.",279.69,-37.8,29.0,294.88,282.27,263.31,172.11,175.55–201.84 ·100,201.84–216.44 ·41,188.695,,🟡 2/6,classico,False,{},3.3,False,40,58,9/10,9,⚠️ Industrials,industriale,↔️↓ 47 · Δ-1.3,XLI · RSPN,47.0,-1.3,contro,Aerospazio & difesa,aero_difesa,17.0,-6.3,58,—,13
G24.DE,Scout24 SE,75.2,-37.2,44.0,75.95,83.66,66.57,56.53,59.91–64.57 ·100,68.56–72.55 ·95,62.2384,Z3,—,,False,{},,False,100,58,9/10,9,Communication Services,comunicazioni,↔️↑ 47 · Δ-1.1,XLC · RSPC,47.0,-1.1,favore,Software & servizi IT,software,88.0,6.7,59,—,18
IR,Ingersoll Rand Inc.,72.93,-30.7,23.0,81.19,83.85,64.7,60.46,77.39–80.95 ·100,80.35–83.32 ·71,79.1664,,—,,False,{},3.9,False,80,58,—,0,Industrials,industriale,↔️↓ 47 · Δ-1.3,XLI · RSPN,47.0,-1.3,contro,Beni strumentali & macchinari,capital_goods,48.0,,59,—,25
EIX,Edison International,56.0,-30.3,30.0,66.81,56.75,55.38,53.9,44.93–49.11 ·100,51.43–54.22 ·94,47.0229,Z3,—,,False,{},5.3,False,60,58,2/10,2,Utilities,utilities,🔻↓ 23 · Δ-0.8,XLU · RSPU,23.0,-0.8,contro,"Utility regolate (elettrico, gas, acqua)",utility_regolate,,,54,—,35
CTEC.L,Convatec Group PLC,219.2,-25.8,37.0,223.45,238.63,226.09,217.62,222.87–232.29 ·100,230.72–240.13 ·97,227.58,Z3,—,,False,{},,False,60,58,8/10,8,Health Care,sanita,📈→ 66 · Δ+5,XLV · RSPH,66.0,5.0,misto,Dispositivi medici,dispositivi,66.0,,68,—,47
CLX,The Clorox Company,87.76,-44.4,3.0,97.64,116.87,130.88,128.82,92.48–100.41 ·100,116.28–123.08 ·89,96.4418,,—,,False,{},10.2,False,60,58,8/10,8,Consumer Staples,consumi_staples,↔️↓ 46 · Δ+0.2,XLP · RSPS,46.0,0.2,contro,"Casa, toeletta & bellezza",prodotti_persona,,,57,—,1
DHR,Danaher Corporation,200.14,-27.2,19.0,195.55,220.73,213.34,161.13,197.67–208.84 ·100,216.29–231.19 ·97,203.2546,Z1,—,,False,{},1.5,False,80,58,7/10,7,Health Care,sanita,📈→ 66 · Δ+5,XLV · RSPH,66.0,5.0,misto,Biotecnologie,biotech,91.0,-1.3,65,—,22
WY,Weyerhaeuser Company,22.06,-30.5,11.0,23.97,26.43,21.28,20.9,22.84–24.40 ·100,24.85–26.19 ·68,23.6216,,—,,False,{},4.6,False,40,58,—,0,Real Estate,immobiliare,↔️↓ 45 · Δ-1.9,XLRE · RSPR,45.0,-1.9,contro,REIT,REIT,46.0,,57,—,10
COO,"The Cooper Companies, Inc.",53.91,-51.5,6.0,68.28,80.28,59.24,52.3,77.86–84.56 ·100,66.68–71.15 ·90,81.2095,,—,,False,{},5.3,False,80,57,—,0,Health Care,sanita,📈→ 66 · Δ+5,XLV · RSPH,66.0,5.0,misto,Dispositivi medici,dispositivi,66.0,,65,—,31
RMD,ResMed Inc.,218.27,-24.9,30.0,211.93,214.03,209.42,148.33,201.85–218.52 ·100,218.52–233.33 ·82,210.1849,Z1,—,,False,{},10.4,False,100,57,8/10,8,Health Care,sanita,📈→ 66 · Δ+5,XLV · RSPH,66.0,5.0,misto,Dispositivi medici,dispositivi,66.0,,67,—,52
MDLZ,"Mondelez International, Inc.",62.44,-12.0,35.0,61.35,57.95,55.72,42.69,59.54–62.89 ·100,54.52–57.45 ·74,61.2125,Z1,—,,False,{},2.8,False,80,57,—,0,Consumer Staples,consumi_staples,↔️↓ 46 · Δ+0.2,XLP · RSPS,46.0,0.2,contro,—,,,,57,—,14
REL.L,RELX PLC,2628.16,-36.4,48.0,2537.33,2493.21,2815.66,2276.83,2251.87–2479.95 ·100,2454.61–2682.69 ·93,2365.9116,Z2,🟡 4/6,classico,False,{},,False,80,57,6/10,6,⚠️ Industrials,industriale,↔️↓ 47 · Δ-1.3,XLI · RSPN,47.0,-1.3,contro,—,,,,59,—,34
GPN,Global Payments Inc.,88.29,-24.2,35.0,81.63,80.55,112.95,117.43,71.81–79.68 ·100,92.80–100.67 ·65,75.749,Z5,—,,False,{},7.3,False,80,57,8/10,8,Industrials,industriale,↔️↓ 47 · Δ-1.3,XLI · RSPN,47.0,-1.3,contro,—,,,,57,—,14
UBER,"Uber Technologies, Inc.",71.67,-28.4,32.0,73.34,74.15,60.22,51.45,72.56–77.27 ·100,29.01–34.31 ·90,74.9175,Z3,—,,False,{},2.3,False,100,57,8/10,8,Information Technology,tech,🚀↑ 78 · Δ+2,XLK · RSPT,78.0,2.2,favore,Software & servizi IT,software,88.0,6.7,68,—,32
CL,Colgate-Palmolive Company,86.8,-14.5,28.0,91.19,85.21,77.02,69.48,86.46–91.06 ·100,67.48–71.51 ·87,88.7625,Z1,—,,False,{},2.4,False,80,57,—,0,Consumer Staples,consumi_staples,↔️↓ 46 · Δ+0.2,XLP · RSPS,46.0,0.2,contro,"Casa, toeletta & bellezza",prodotti_persona,,,57,—,13
MLM,"Martin Marietta Materials, Inc.",509.96,-27.7,35.0,553.69,558.34,419.08,310.73,519.85–559.22 ·100,581.09–620.45 ·99,539.5322,,—,,False,{},4.3,False,80,57,—,0,Materials,materiali,↔️↓ 51 · Δ+1.1,XLB · RSPM,51.0,1.1,contro,—,,,,59,—,19
LHX,"L3Harris Technologies, Inc.",245.54,-34.3,19.0,279.96,214.9,206.83,133.7,191.34–210.38 ·100,162.78–181.82 ·57,200.8609,,—,,False,{},2.4,False,40,57,6/10,6,Industrials,industriale,↔️↓ 47 · Δ-1.3,XLI · RSPN,47.0,-1.3,contro,Aerospazio & difesa,aero_difesa,17.0,-6.3,59,—,26
KHC,The Kraft Heinz Company,24.6,-22.9,43.0,24.74,27.23,27.31,26.99,22.70–24.58 ·100,24.27–25.84 ·69,23.638,Z2,🟡 2/6,classico,False,{},11.5,False,60,57,—,0,⚠️ Consumer Staples,consumi_staples,↔️↓ 46 · Δ+0.2,XLP · RSPS,46.0,0.2,contro,"Cibo, bevande & tabacco",cibo_bevande,,,57,—,13
RTO.L,Rentokil Initial plc,333.2,-34.2,35.0,379.19,461.45,464.05,366.84,458.78–479.66 ·100,433.74–454.61 ·87,469.2198,,—,,False,{},,False,60,57,7/10,7,Industrials,industriale,↔️↓ 47 · Δ-1.3,XLI · RSPN,47.0,-1.3,contro,—,,,,60,—,39
DSY.PA,Dassault Systèmes SE,21.3,-47.0,38.0,19.99,28.3,31.95,30.89,22.17–23.92 ·100,16.56–17.96 ·95,23.047,,—,,False,{},,False,100,57,8/10,8,Information Technology,tech,🚀↑ 78 · Δ+2,XLK · RSPT,78.0,2.2,favore,Software & servizi IT,software,88.0,6.7,65,—,1
CAP.PA,Capgemini SE,110.55,-41.6,49.0,98.48,143.43,136.67,103.42,92.08–103.93 ·100,88.13–93.40 ·40,98.0038,,🟡 2/6,classico,False,{},,False,80,57,6/10,6,Information Technology,tech,🚀↑ 78 · Δ+2,XLK · RSPT,78.0,2.2,favore,Software & servizi IT,software,88.0,6.7,67,—,18
VST,Vistra Corp.,148.38,-31.6,71.0,150.96,164.91,150.43,75.78,12.66–25.20 ·100,154.80–161.77 ·20,18.9328,Z4,🟡 2/6,classico,False,{},3.7,False,60,56,8/10,8,⚠️ Utilities,utilities,🔻↓ 23 · Δ-0.8,XLU · RSPU,23.0,-0.8,contro,"Utility regolate (elettrico, gas, acqua)",utility_regolate,,,48,—,0
ADSK,"Autodesk, Inc.",212.4,-35.0,28.0,220.9,242.31,128.46,119.02,191.35–209.10 ·100,240.15–253.45 ·75,200.2243,,🟡 2/6,classico,False,{},4.5,False,80,56,10/10,10,Information Technology,tech,🚀↑ 78 · Δ+2,XLK · RSPT,78.0,2.2,favore,Software & servizi IT,software,88.0,6.7,65,—,8
TEP.PA,Teleperformance SE,72.46,-24.8,52.0,60.8,58.27,129.5,107.04,50.94–61.87 ·100,74.98–85.91 ·70,56.4018,Z3,🟡 3/6,classico,False,{},,False,40,56,5/10,5,⚠️ Industrials,industriale,↔️↓ 47 · Δ-1.3,XLI · RSPN,47.0,-1.3,contro,—,,,,57,—,22
LOW,"Lowe's Companies, Inc.",196.82,-30.8,21.0,212.37,189.88,148.51,98.98,211.35–226.30 ·100,15.04–20.65 ·36,218.8247,,—,,False,{},1.8,False,60,56,—,0,Consumer Discretionary,consumi_disc,⚠️↓ 27 · Δ-0.7,XLY · RSPD,27.0,-0.7,contro,Distribuzione & retail (tutti i formati),distribuzione,30.0,-1.9,49,—,2
AMAT,"Applied Materials, Inc.",456.49,-36.8,35.0,557.16,317.63,181.01,168.61,123.43–162.51 ·100,30.63–59.93 ·94,142.9695,,—,,False,{},2.0,False,100,56,—,0,Information Technology,tech,🚀↑ 78 · Δ+2,XLK · RSPT,78.0,2.2,favore,Semiconduttori & equipaggiamento,semiconduttori,42.0,-5.2,66,—,18
BR,"Broadridge Financial Solutions, Inc.",167.74,-35.5,26.0,156.47,165.57,121.85,87.27,135.04–148.70 ·100,152.11–165.77 ·90,141.8678,,🟡 3/6,classico,False,{},2.9,False,80,56,7/10,7,Information Technology,tech,🚀↑ 78 · Δ+2,XLK · RSPT,78.0,2.2,favore,Software & servizi IT,software,88.0,6.7,65,—,10
OTIS,Otis Worldwide Corporation,69.1,-32.3,38.0,71.87,86.28,85.52,84.36,71.75–75.44 ·100,86.53–88.84 ·78,73.5937,,—,,False,{},4.6,False,60,56,5/10,5,Industrials,industriale,↔️↓ 47 · Δ-1.3,XLI · RSPN,47.0,-1.3,contro,Beni strumentali & macchinari,capital_goods,48.0,,55,—,1
ABT,Abbott Laboratories,101.95,-24.9,13.0,100.41,95.8,109.1,104.33,102.26–109.66 ·100,98.15–103.08 ·70,105.9594,Z2,—,,False,{},1.4,False,80,56,10/10,10,Health Care,sanita,📈→ 66 · Δ+5,XLV · RSPH,66.0,5.0,misto,Dispositivi medici,dispositivi,66.0,,65,—,38
TSCO,Tractor Supply Company,33.01,-46.0,36.0,32.26,39.03,26.13,22.29,50.03–52.88 ·100,—,51.4576,,—,,False,{},9.5,False,80,56,2/10,2,Consumer Discretionary,consumi_disc,⚠️↓ 27 · Δ-0.7,XLY · RSPD,27.0,-0.7,contro,Distribuzione & retail (tutti i formati),distribuzione,30.0,-1.9,49,—,0
PEP,"PepsiCo, Inc.",136.32,-17.6,29.0,138.42,140.47,121.32,109.61,136.55–143.49 ·100,147.45–153.40 ·66,140.018,,—,,False,{},1.7,False,80,55,7/10,7,Consumer Staples,consumi_staples,↔️↓ 46 · Δ+0.2,XLP · RSPS,46.0,0.2,contro,"Cibo, bevande & tabacco",cibo_bevande,,,57,—,34
BBOX.L,Tritax Big Box Ord,145.6,-16.0,20.0,162.35,149.67,164.12,163.04,144.12–152.46 ·100,138.56–144.12 ·55,148.2882,Z1,—,,False,{},,False,0,55,8/10,8,—,,—,—,,,nd,—,,,,59,—,36
REGN,"Regeneron Pharmaceuticals, Inc.",781.49,-32.3,35.0,713.33,639.94,465.94,415.65,692.92–756.29 ·100,574.10–621.63 ·86,724.6061,,—,,False,{},2.6,False,80,55,—,0,Health Care,sanita,📈→ 66 · Δ+5,XLV · RSPH,66.0,5.0,misto,Biotecnologie,biotech,91.0,-1.3,60,—,5
TDG,TransDigm Group Incorporated,1140.32,-24.8,28.0,1248.82,1207.22,772.81,696.42,1237.76–1298.10 ·100,483.47–553.87 ·98,1267.9291,,—,,False,{},2.2,False,60,55,8/10,8,Industrials,industriale,↔️↓ 47 · Δ-1.3,XLI · RSPN,47.0,-1.3,contro,Aerospazio & difesa,aero_difesa,17.0,-6.3,55,—,10
TRMB,Trimble Inc.,57.66,-32.4,39.0,55.72,63.67,62.62,44.74,51.23–56.67 ·100,57.27–60.29 ·61,53.9503,Z2,—,,False,{},6.2,False,80,55,5/10,5,Information Technology,tech,🚀↑ 78 · Δ+2,XLK · RSPT,78.0,2.2,favore,Hardware tecnologico,hardware,84.0,,64,—,12
ZBH,"Zimmer Biomet Holdings, Inc.",93.49,-16.3,26.0,93.71,111.51,110.51,101.83,87.46–95.93 ·100,99.69–107.22 ·90,91.6918,Z1,—,,False,{},6.1,False,80,55,6/10,6,Health Care,sanita,📈→ 66 · Δ+5,XLV · RSPH,66.0,5.0,misto,Dispositivi medici,dispositivi,66.0,,61,—,7
BLND.L,British Land Company PLC,392.2,-15.1,16.0,427.57,378.6,403.42,477.67,382.80–402.80 ·100,402.80–426.80 ·86,392.802,Z1,—,,False,{},,False,80,55,10/10,10,Real Estate,immobiliare,↔️↓ 45 · Δ-1.9,XLRE · RSPR,45.0,-1.9,contro,REIT,REIT,46.0,,56,—,32
SW,Smurfit Westrock Plc,43.22,-19.3,22.0,46.08,42.9,42.87,42.87,40.50–43.67 ·100,43.67–46.48 ·61,42.0837,Z1,—,,False,{},4.9,False,60,54,—,0,Consumer Discretionary,consumi_disc,⚠️↓ 27 · Δ-0.7,XLY · RSPD,27.0,-0.7,contro,—,,,,53,—,63
CEG,Constellation Energy Corporation,284.75,-29.1,59.0,266.86,297.58,277.94,260.1,293.27–310.72 ·100,275.83–288.29 ·90,301.9962,Z2,—,,False,{},3.6,False,60,54,8/10,8,Utilities,utilities,🔻↓ 23 · Δ-0.8,XLU · RSPU,23.0,-0.8,contro,"Utility regolate (elettrico, gas, acqua)",utility_regolate,,,50,—,45
MAA,"Mid-America Apartment Communities, Inc.",124.79,-22.0,26.0,133.09,131.09,126.43,95.42,128.75–134.81 ·100,134.81–139.65 ·44,131.7768,,🟡 2/6,classico,False,{},3.6,False,60,54,6/10,6,⚠️ Real Estate,immobiliare,↔️↓ 45 · Δ-1.9,XLRE · RSPR,45.0,-1.9,contro,REIT,REIT,46.0,,56,—,43
AMT,American Tower Corporation,177.85,-20.6,54.0,171.64,184.63,191.13,192.16,169.61–182.49 ·100,184.10–188.93 ·23,176.049,Z1,🟡 4/6,classico,False,{},1.5,False,80,54,—,0,⚠️ Real Estate,immobiliare,↔️↓ 45 · Δ-1.9,XLRE · RSPR,45.0,-1.9,contro,REIT,REIT,46.0,,54,—,24
LAND.L,Land Securities Group Plc,623.5,-13.6,17.0,676.68,633.96,655.19,805.68,614.31–658.48 ·100,570.15–599.59 ·60,636.3948,Z1,—,,False,{},,False,80,54,—,0,Real Estate,immobiliare,↔️↓ 45 · Δ-1.9,XLRE · RSPR,45.0,-1.9,contro,REIT,REIT,46.0,,57,—,46
OMC,Omnicom Group Inc.,79.01,-20.0,29.0,79.37,72.98,59.87,56.94,73.74–79.04 ·100,70.80–74.33 ·57,76.3926,Z1,🟡 3/6,classico,False,{},9.8,False,60,54,7/10,7,Communication Services,comunicazioni,↔️↑ 47 · Δ-1.1,XLC · RSPC,47.0,-1.1,favore,Media & intrattenimento,media_intratten,,,56,—,30
PPG,"PPG Industries, Inc.",105.5,-18.3,29.0,115.47,109.09,117.48,91.75,107.45–115.67 ·100,114.64–122.85 ·87,111.558,Z3,—,,False,{},3.0,False,100,54,9/10,9,Materials,materiali,↔️↓ 51 · Δ+1.1,XLB · RSPM,51.0,1.1,contro,Chimica,chimica,,,58,—,35
HD,"The Home Depot, Inc.",308.74,-25.1,25.0,334.57,296.81,152.9,121.92,319.90–336.15 ·100,271.17–282.00 ·52,328.0274,,—,,False,{},1.0,False,80,54,10/10,10,Consumer Discretionary,consumi_disc,⚠️↓ 27 · Δ-0.7,XLY · RSPD,27.0,-0.7,contro,Distribuzione & retail (tutti i formati),distribuzione,30.0,-1.9,47,—,4
HBAN,Huntington Bancshares Incorporated,16.86,-10.8,46.0,17.44,13.2,12.14,9.35,16.25–17.36 ·100,15.26–16.38 ·91,16.8073,Z1,—,,False,{},2.6,False,40,54,—,0,Financials,finanziario,🚀↑ 83 · Δ-0.6,XLF · RSPF,83.0,-0.6,favore,Banche,banche,60.0,,65,—,7
WDAY,"Workday, Inc.",185.7,-33.7,39.0,161.17,146.1,205.14,201.47,215.44–229.64 ·100,227.86–242.06 ·95,222.5367,,—,,False,{},10.0,False,100,54,8/10,8,Information Technology,tech,🚀↑ 78 · Δ+2,XLK · RSPT,78.0,2.2,favore,Software & servizi IT,software,88.0,6.7,65,—,26
ESS,"Essex Property Trust, Inc.",272.91,-8.5,29.0,286.63,239.57,233.55,175.41,245.07–260.09 ·100,267.61–282.63 ·81,252.5816,Z2,—,,False,{},5.9,False,60,54,—,0,Real Estate,immobiliare,↔️↓ 45 · Δ-1.9,XLRE · RSPR,45.0,-1.9,contro,REIT,REIT,46.0,,53,—,14
TXT,Textron Inc.,81.0,-19.6,42.0,87.37,75.11,70.22,46.87,83.85–89.73 ·100,74.04–79.92 ·96,86.7895,,—,,False,{},5.1,False,60,54,10/10,10,Industrials,industriale,↔️↓ 47 · Δ-1.3,XLI · RSPN,47.0,-1.3,contro,Aerospazio & difesa,aero_difesa,17.0,-6.3,53,—,3
PCG,PG&E Corporation,13.8,-35.2,31.0,16.04,16.09,14.07,14.02,14.98–18.08 ·100,14.54–15.42 ·20,16.5291,,—,,False,{},0.0,False,40,53,2/10,2,Utilities,utilities,🔻↓ 23 · Δ-0.8,XLU · RSPU,23.0,-0.8,contro,"Utility regolate (elettrico, gas, acqua)",utility_regolate,,,50,—,49
ABF.L,Associated British Foods plc,1862.0,-21.6,21.0,2000.0,2058.87,2016.54,2207.35,1879.60–1999.48 ·100,1819.66–1899.58 ·63,1939.5383,Z2,—,,False,{},,False,60,53,6/10,6,Consumer Staples,consumi_staples,↔️↓ 46 · Δ+0.2,XLP · RSPS,46.0,0.2,contro,"Cibo, bevande & tabacco",cibo_bevande,,,55,—,30
RMS.PA,Hermès International Société en commandite par actions,1406.5,-49.4,20.0,1583.76,1999.43,1857.09,1048.35,1569.89–1683.65 ·100,1987.00–2100.76 ·71,1626.7698,,—,,False,{},,False,100,53,5/10,5,Consumer Discretionary,consumi_disc,⚠️↓ 27 · Δ-0.7,XLY · RSPD,27.0,-0.7,contro,Abbigliamento & lusso,moda_lusso,,,46,—,1
NOC,Northrop Grumman Corporation,518.97,-31.8,28.0,532.8,595.65,472.68,404.09,423.99–453.83 ·100,448.86–468.75 ·64,438.9127,,🟡 3/6,classico,False,{},1.7,False,100,53,10/10,10,⚠️ Industrials,industriale,↔️↓ 47 · Δ-1.3,XLI · RSPN,47.0,-1.3,contro,Aerospazio & difesa,aero_difesa,17.0,-6.3,54,—,22
NXPI,NXP Semiconductors N.V.,236.62,-28.6,62.0,257.21,187.57,130.57,115.9,213.48–233.27 ·100,195.89–215.68 ·80,223.3752,,🟡 3/6,classico,False,{},3.8,False,100,53,6/10,6,Information Technology,tech,🚀↑ 78 · Δ+2,XLK · RSPT,78.0,2.2,favore,Semiconduttori & equipaggiamento,semiconduttori,42.0,-5.2,62,—,9
RHM.DE,Rheinmetall AG,1004.0,-49.0,31.0,1076.88,1003.31,707.15,598.78,13.02–105.19 ·100,447.54–539.71 ·47,59.1037,,—,,False,{},,False,100,53,8/10,8,Industrials,industriale,↔️↓ 47 · Δ-1.3,XLI · RSPN,47.0,-1.3,contro,Aerospazio & difesa,aero_difesa,17.0,-6.3,52,—,0
MTD,Mettler-Toledo International Inc.,1293.52,-14.1,21.0,1326.82,1293.12,1242.12,1143.28,1168.97–1269.22 ·100,1258.08–1347.19 ·96,1219.0971,Z2,—,,False,{},3.6,False,60,53,9/10,9,Health Care,sanita,📈→ 66 · Δ+5,XLV · RSPH,66.0,5.0,misto,Biotecnologie,biotech,91.0,-1.3,62,—,39
MCD,McDonald's Corporation,252.53,-24.5,22.0,267.58,286.52,244.0,184.74,292.62–306.80 ·100,272.35–282.48 ·83,299.7097,,—,,False,{},1.9,False,60,53,—,0,Consumer Discretionary,consumi_disc,⚠️↓ 27 · Δ-0.7,XLY · RSPD,27.0,-0.7,contro,Ristoranti & tempo libero,tempo_libero,,,47,—,9
MC.PA,"LVMH Moët Hennessy - Louis Vuitton, Société Européenne",413.9,-42.9,25.0,465.48,502.85,553.35,500.43,447.90–480.65 ·100,589.82–622.57 ·74,464.277,,—,,False,{},,False,80,53,6/10,6,Consumer Discretionary,consumi_disc,⚠️↓ 27 · Δ-0.7,XLY · RSPD,27.0,-0.7,contro,Abbigliamento & lusso,moda_lusso,,,47,—,8
LDOS,"Leidos Holdings, Inc.",128.86,-34.9,28.0,119.26,117.86,109.61,92.56,85.54–97.01 ·100,137.80–146.72 ·75,91.2744,,—,,False,{},3.3,False,80,53,8/10,8,Information Technology,tech,🚀↑ 78 · Δ+2,XLK · RSPT,78.0,2.2,favore,Software & servizi IT,software,88.0,6.7,63,—,16
SO,The Southern Company,87.17,-10.6,38.0,92.58,84.72,68.16,46.16,90.41–95.00 ·100,86.96–90.41 ·86,92.7043,Z2,—,,False,{},3.1,False,40,53,—,0,Utilities,utilities,🔻↓ 23 · Δ-0.8,XLU · RSPU,23.0,-0.8,contro,"Utility regolate (elettrico, gas, acqua)",utility_regolate,,,46,—,8
LIN,Linde plc,466.22,-14.4,30.0,499.54,418.96,354.4,328.53,434.63–458.34 ·100,454.95–471.89 ·70,446.4841,Z2,—,,False,{},1.2,False,100,53,—,0,Materials,materiali,↔️↓ 51 · Δ+1.1,XLB · RSPM,51.0,1.1,contro,Chimica,chimica,,,55,—,16
TJX,"The TJX Companies, Inc.",126.02,-24.9,12.0,147.94,106.6,92.75,86.51,55.70–65.64 ·100,30.29–34.71 ·45,60.6667,,—,,False,{},2.0,False,80,53,4/10,4,Consumer Discretionary,consumi_disc,⚠️↓ 27 · Δ-0.7,XLY · RSPD,27.0,-0.7,contro,Abbigliamento & lusso,moda_lusso,,,46,—,0
STE,STERIS plc,210.76,-20.9,6.0,220.45,205.07,193.25,126.55,211.52–226.69 ·100,230.06–243.54 ·51,219.1021,Z3,—,,False,{},2.5,False,80,53,—,0,Health Care,sanita,📈→ 66 · Δ+5,XLV · RSPH,66.0,5.0,misto,Dispositivi medici,dispositivi,66.0,,60,—,15
DTE,DTE Energy Company,132.58,-14.1,40.0,143.72,115.27,107.32,87.3,98.53–104.35 ·100,132.47–139.26 ·80,101.4409,Z2,—,,False,{},2.7,False,20,53,—,0,Utilities,utilities,🔻↓ 23 · Δ-0.8,XLU · RSPU,23.0,-0.8,contro,"Utility regolate (elettrico, gas, acqua)",utility_regolate,,,46,—,7
EW,Edwards Lifesciences Corporation,84.37,-11.4,25.0,88.77,77.58,82.14,47.37,73.32–79.68 ·100,82.86–88.16 ·79,76.5009,Z2,—,,False,{},1.8,False,80,53,—,0,Health Care,sanita,📈→ 66 · Δ+5,XLV · RSPH,66.0,5.0,misto,Dispositivi medici,dispositivi,66.0,,62,—,35
PG,The Procter & Gamble Company,145.27,-15.2,52.0,146.32,136.63,123.69,85.57,142.98–147.92 ·100,139.03–143.97 ·97,145.4486,Z1,—,,False,{},1.2,False,100,52,10/10,10,Consumer Staples,consumi_staples,↔️↓ 46 · Δ+0.2,XLP · RSPS,46.0,0.2,contro,"Casa, toeletta & bellezza",prodotti_persona,,,53,—,17
LSEG.L,London Stock Exchange Group plc,8588.0,-29.0,44.0,8642.01,8729.0,8655.25,5851.56,8466.85–9099.10 ·100,8150.73–8545.88 ·62,8782.9739,Z1,—,,False,{},,False,80,52,6/10,6,Financials,finanziario,🚀↑ 83 · Δ-0.6,XLF · RSPF,83.0,-0.6,favore,"Mercati capitali (broker, AM, exchanges)",mercati_capitali,67.0,,68,—,59
MOS,The Mosaic Company,25.19,-30.5,58.0,22.66,26.2,30.58,31.62,22.00–24.59 ·100,24.16–26.31 ·67,23.2958,Z2,—,,False,{},12.1,False,20,52,8/10,8,Materials,materiali,↔️↓ 51 · Δ+1.1,XLB · RSPM,51.0,1.1,contro,—,,,,54,—,22
AMCR,Amcor plc,42.32,-16.6,13.0,44.23,42.86,42.42,42.42,38.46–40.25 ·100,42.04–43.38 ·88,39.3569,Z2,—,,False,{},4.5,False,40,52,9/10,9,Consumer Discretionary,consumi_disc,⚠️↓ 27 · Δ-0.7,XLY · RSPD,27.0,-0.7,contro,—,,,,47,—,20
LUV,Southwest Airlines Co.,39.24,-27.4,43.0,45.87,39.66,34.94,37.34,29.03–32.00 ·100,26.07–28.29 ·59,30.5158,,🟡 2/6,classico,False,{},7.6,False,40,52,—,0,⚠️ Industrials,industriale,↔️↓ 47 · Δ-1.3,XLI · RSPN,47.0,-1.3,contro,Trasporti,trasporti,46.0,,52,—,10
DLTR,"Dollar Tree, Inc.",118.17,-16.3,33.0,124.27,102.15,112.96,109.68,92.98–102.95 ·100,110.71–118.46 ·64,97.9632,Z2,—,,False,{},4.9,False,60,52,—,0,Consumer Staples,consumi_staples,↔️↓ 46 · Δ+0.2,XLP · RSPS,46.0,0.2,contro,Distribuzione & retail (tutti i formati),distribuzione,30.0,-1.9,55,—,38
CIEN,Ciena Corporation,349.54,-44.3,38.0,407.56,268.32,118.66,46.88,30.28–68.23 ·100,9.20–34.50 ·50,49.2571,,🟡 2/6,classico,False,{},3.7,False,80,52,5/10,5,Information Technology,tech,🚀↑ 78 · Δ+2,XLK · RSPT,78.0,2.2,favore,Hardware tecnologico,hardware,84.0,,64,—,36
BX,Blackstone Inc.,128.51,-31.4,22.0,129.04,101.68,89.51,51.3,108.98–120.23 ·100,101.48–106.48 ·37,114.606,,—,,False,{},2.9,False,80,52,8/10,8,Financials,finanziario,🚀↑ 83 · Δ-0.6,XLF · RSPF,83.0,-0.6,favore,"Mercati capitali (broker, AM, exchanges)",mercati_capitali,67.0,,64,—,17
ELV,"Elevance Health, Inc.",418.72,-21.4,62.0,394.0,362.7,376.1,167.82,374.23–402.04 ·100,412.47–436.81 ·74,388.134,Z2,🟢 6/6,classico,False,{},2.8,False,60,52,6/10,6,Health Care,sanita,📈→ 66 · Δ+5,XLV · RSPH,66.0,5.0,misto,"Servizi sanitari (payer, ospedali)",servizi_sanita,91.0,,60,—,26
SPX.L,Spirax Group plc,6746.66,-17.6,37.0,6990.88,9272.16,8253.68,6581.82,6703.86–7251.04 ·100,5828.38–6375.56 ·40,6977.4518,Z1,—,,False,{},,False,100,52,—,0,Industrials,industriale,↔️↓ 47 · Δ-1.3,XLI · RSPN,47.0,-1.3,contro,Beni strumentali & macchinari,capital_goods,48.0,,52,—,6
EXC,Exelon Corporation,43.16,-12.5,47.0,45.43,34.75,26.36,23.7,42.91–44.48 ·100,35.86–37.43 ·98,43.698,Z1,—,,False,{},3.5,False,40,52,—,0,Utilities,utilities,🔻↓ 23 · Δ-0.8,XLU · RSPU,23.0,-0.8,contro,"Utility regolate (elettrico, gas, acqua)",utility_regolate,,,44,—,0
VNA.DE,Vonovia SE,17.99,-40.8,25.0,20.52,22.49,24.87,23.01,23.93–24.97 ·100,22.26–23.31 ·99,24.453,,—,,False,{},,False,60,51,6/10,6,Real Estate,immobiliare,↔️↓ 45 · Δ-1.9,XLRE · RSPR,45.0,-1.9,contro,REIT,REIT,46.0,,51,—,20
VMRK,"AvalonBay Communities, Inc.",65.54,-9.0,42.0,66.39,60.7,58.79,54.14,62.84–67.16 ·100,59.00–62.84 ·68,65.0003,Z1,—,,False,{},2.5,False,80,51,—,0,Real Estate,immobiliare,↔️↓ 45 · Δ-1.9,XLRE · RSPR,45.0,-1.9,contro,REIT,REIT,46.0,,51,—,15
CDW,CDW Corporation,153.79,-30.4,64.0,137.92,131.39,163.43,158.88,153.12–165.83 ·100,130.89–138.83 ·76,159.4761,Z1,🟡 3/6,classico,False,{},8.4,False,60,51,5/10,5,Information Technology,tech,🚀↑ 78 · Δ+2,XLK · RSPT,78.0,2.2,favore,Software & servizi IT,software,88.0,6.7,63,—,38
AES,The AES Corporation,14.79,-18.7,54.0,14.64,12.98,13.22,15.05,14.13–14.87 ·100,13.53–14.28 ·92,14.4995,Z1,—,,False,{},2.5,False,40,51,9/10,9,Utilities,utilities,🔻↓ 23 · Δ-0.8,XLU · RSPU,23.0,-0.8,contro,"Utility regolate (elettrico, gas, acqua)",utility_regolate,,,43,—,0
ARM,Arm Holdings plc,264.79,-39.7,61.0,306.29,245.33,194.94,177.5,119.62–141.28 ·100,141.28–154.82 ·48,130.448,,🟡 3/6,classico,False,{},11.5,False,60,51,8/10,8,Information Technology,tech,🚀↑ 78 · Δ+2,XLK · RSPT,78.0,2.2,favore,Semiconduttori & equipaggiamento,semiconduttori,42.0,-5.2,61,—,21
RKT.L,Reckitt Benckiser Group plc,5124.0,-21.3,47.0,5108.84,5030.88,5838.09,6122.78,5875.80–6240.39 ·100,4620.01–4782.05 ·37,6058.0939,Z3,🟡 4/6,classico,False,{},,False,60,51,9/10,9,⚠️ Consumer Staples,consumi_staples,↔️↓ 46 · Δ+0.2,XLP · RSPS,46.0,0.2,contro,"Casa, toeletta & bellezza",prodotti_persona,,,52,—,19
STMPA.PA,STMicroelectronics N.V.,41.6,-40.0,47.0,51.24,40.56,31.98,22.4,22.01–25.69 ·100,20.62–22.47 ·46,23.8491,,🟡 2/6,classico,False,{},,False,60,51,7/10,7,Information Technology,tech,🚀↑ 78 · Δ+2,XLK · RSPT,78.0,2.2,favore,Semiconduttori & equipaggiamento,semiconduttori,42.0,-5.2,62,—,27
SPGI,S&P Global Inc.,410.71,-22.2,40.0,417.45,374.93,248.39,186.15,386.61–418.40 ·100,450.20–481.99 ·75,402.5071,Z1,—,,False,{},2.4,False,80,51,9/10,9,Financials,finanziario,🚀↑ 83 · Δ-0.6,XLF · RSPF,83.0,-0.6,favore,"Mercati capitali (broker, AM, exchanges)",mercati_capitali,67.0,,62,—,13
FTV,Fortive Corporation,54.69,-14.6,23.0,60.35,55.01,51.16,50.34,51.75–54.27 ·100,47.55–48.95 ·54,53.0129,Z3,—,,False,{},6.6,False,80,51,10/10,10,Information Technology,tech,🚀↑ 78 · Δ+2,XLK · RSPT,78.0,2.2,favore,Hardware tecnologico,hardware,84.0,,62,—,31
SBAC,SBA Communications Corporation,185.47,-22.2,54.0,182.44,228.11,232.5,147.75,180.41–196.55 ·100,210.39–224.23 ·59,188.4796,Z1,🟡 2/6,classico,False,{},4.9,False,60,51,8/10,8,⚠️ Real Estate,immobiliare,↔️↓ 45 · Δ-1.9,XLRE · RSPR,45.0,-1.9,contro,REIT,REIT,46.0,,49,—,3
WDC,Western Digital Corporation,447.18,-40.1,46.0,542.49,249.94,151.15,101.69,17.51–65.07 ·100,59.78–70.35 ·5,41.2874,,—,,False,{},6.2,False,100,51,8/10,8,Information Technology,tech,🚀↑ 78 · Δ+2,XLK · RSPT,78.0,2.2,favore,Hardware tecnologico,hardware,84.0,,62,—,28
CMI,Cummins Inc.,556.75,-23.2,33.0,636.57,499.76,277.37,154.4,190.55–233.92 ·100,99.00–142.37 ·77,212.2332,,—,,False,{},2.7,False,100,50,9/10,9,Industrials,industriale,↔️↓ 47 · Δ-1.3,XLI · RSPN,47.0,-1.3,contro,Beni strumentali & macchinari,capital_goods,48.0,,49,—,5
BRBY.L,Burberry Group plc,998.4,-27.2,29.0,1098.88,1115.77,1019.86,1481.67,1079.27–1177.69 ·100,1013.66–1095.67 ·68,1128.4796,,—,,False,{},,False,60,50,8/10,8,Consumer Discretionary,consumi_disc,⚠️↓ 27 · Δ-0.7,XLY · RSPD,27.0,-0.7,contro,Abbigliamento & lusso,moda_lusso,,,47,—,43
NG.L,National Grid plc,1116.5,-20.2,28.0,1203.74,1085.9,1026.32,956.8,1011.82–1078.05 ·100,936.13–1002.36 ·78,1044.9372,,—,,False,{},,False,40,50,8/10,8,Utilities,utilities,🔻↓ 23 · Δ-0.8,XLU · RSPU,23.0,-0.8,contro,"Utility regolate (elettrico, gas, acqua)",utility_regolate,,,45,—,34
AXON,"Axon Enterprise, Inc.",479.34,-45.0,20.0,545.24,543.93,142.36,129.49,3.11–38.42 ·100,50.19–91.39 ·59,20.7662,,—,,False,{},5.3,False,60,50,4/10,4,Industrials,industriale,↔️↓ 47 · Δ-1.3,XLI · RSPN,47.0,-1.3,contro,Aerospazio & difesa,aero_difesa,17.0,-6.3,51,—,16
PRU.L,Prudential plc,967.4,-20.7,28.0,1032.95,900.2,995.12,1018.0,1069.37–1134.78 ·100,1014.87–1069.37 ·92,1102.0729,,—,,False,{},,False,80,50,7/10,7,Financials,finanziario,🚀↑ 83 · Δ-0.6,XLF · RSPF,83.0,-0.6,favore,Assicurazioni,assicurazioni,64.0,,61,—,13
EXE,Expand Energy Corporation,94.83,-21.5,45.0,91.31,100.09,98.04,91.08,100.83–106.42 ·100,91.51–96.48 ·97,103.6208,Z2,—,,False,{},3.6,False,60,50,7/10,7,Energy,energia,🚀↑ 90 · Δ-1.8,XLE · RSPG,90.0,-1.8,favore,"Petrolio & gas (E&P, integrati, servizi)",gas_e_p,94.0,5.5,65,—,26
VMC,Vulcan Materials Company,252.74,-23.1,23.0,283.61,206.59,163.12,134.54,280.15–298.54 ·100,257.67–276.06 ·92,289.3444,,—,,False,{},5.0,False,80,50,—,0,Materials,materiali,↔️↓ 51 · Δ+1.1,XLB · RSPM,51.0,1.1,contro,—,,,,51,—,6
SY1.DE,Symrise AG,89.54,-25.8,42.0,89.45,94.26,92.05,67.47,90.72–96.33 ·100,69.88–75.49 ·74,93.5219,Z4,—,,False,{},,False,60,50,—,0,Materials,materiali,↔️↓ 51 · Δ+1.1,XLB · RSPM,51.0,1.1,contro,Chimica,chimica,,,54,—,42
FER,Ferrovial N.V.,56.15,-23.8,14.0,64.27,64.34,64.1,64.01,63.56–66.63 ·100,66.19–68.81 ·65,65.0958,,—,,False,{},1.0,False,60,50,5/10,5,Industrials,industriale,↔️↓ 47 · Δ-1.3,XLI · RSPN,47.0,-1.3,contro,—,,,,54,—,54
MSCI,MSCI Inc.,554.61,-13.5,45.0,572.26,487.82,440.1,296.1,541.92–575.63 ·100,533.49–546.14 ·31,558.7767,Z1,—,,False,{},1.9,False,60,50,—,0,Financials,finanziario,🚀↑ 83 · Δ-0.6,XLF · RSPF,83.0,-0.6,favore,"Mercati capitali (broker, AM, exchanges)",mercati_capitali,67.0,,62,—,16
MRK.DE,Merck KGaA,133.85,-16.7,36.0,140.17,128.2,145.9,137.24,106.37–114.08 ·100,133.36–141.08 ·83,110.2229,Z2,—,,False,{},,False,80,50,7/10,7,Health Care,sanita,📈→ 66 · Δ+5,XLV · RSPH,66.0,5.0,misto,Farmaceutici,farmaci,60.0,10.4,55,—,1
BXP,"BXP, Inc.",64.7,-21.4,41.0,67.96,64.21,59.92,64.42,65.33–69.63 ·100,61.65–65.95 ·99,67.4828,Z2,—,,False,{},9.3,False,60,50,9/10,9,Real Estate,immobiliare,↔️↓ 45 · Δ-1.9,XLRE · RSPR,45.0,-1.9,contro,REIT,REIT,46.0,,51,—,31
CDNS,"Cadence Design Systems, Inc.",289.37,-30.5,36.0,341.73,323.01,225.55,194.07,295.35–320.17 ·100,8.55–25.09 ·63,307.7595,,🟡 2/6,classico,False,{},2.1,False,100,50,8/10,8,Information Technology,tech,🚀↑ 78 · Δ+2,XLK · RSPT,78.0,2.2,favore,Software & servizi IT,software,88.0,6.7,60,—,18
SNDK,Sandisk Corporation,1633.35,-30.0,53.0,1579.82,,,,632.78–725.84 ·100,182.99–260.54 ·95,679.3064,,🟡 3/6,classico,False,{},6.4,False,100,50,—,0,Information Technology,tech,🚀↑ 78 · Δ+2,XLK · RSPT,78.0,2.2,favore,Hardware tecnologico,hardware,84.0,,58,—,4
BLK,"BlackRock, Inc.",1079.65,-8.3,31.0,1067.77,854.83,743.31,478.19,1042.81–1111.03 ·100,595.56–663.79 ·88,1076.9187,Z1,—,,False,{},1.3,False,80,49,—,0,Financials,finanziario,🚀↑ 83 · Δ-0.6,XLF · RSPF,83.0,-0.6,favore,"Mercati capitali (broker, AM, exchanges)",mercati_capitali,67.0,,59,—,0
MGM,MGM Resorts International,39.89,-21.3,17.0,45.34,30.99,24.56,22.24,35.96–38.62 ·100,33.30–35.63 ·83,37.2909,,—,,False,{},15.8,False,60,49,—,0,Consumer Discretionary,consumi_disc,⚠️↓ 27 · Δ-0.7,XLY · RSPD,27.0,-0.7,contro,—,,,,43,—,6
AZO,"AutoZone, Inc.",2876.75,-33.9,41.0,3042.19,2979.47,2358.12,1682.19,580.45–807.77 ·100,1063.51–1205.59 ·54,694.108,,—,,False,{},3.0,False,60,49,5/10,5,Consumer Discretionary,consumi_disc,⚠️↓ 27 · Δ-0.7,XLY · RSPD,27.0,-0.7,contro,Auto & componenti,auto_componenti,,,42,—,1
WEC,"WEC Energy Group, Inc.",105.33,-10.6,47.0,110.46,87.96,68.45,60.83,72.52–77.59 ·100,102.94–107.28 ·69,75.0535,Z2,—,,False,{},5.3,False,40,49,—,0,Utilities,utilities,🔻↓ 23 · Δ-0.8,XLU · RSPU,23.0,-0.8,contro,"Utility regolate (elettrico, gas, acqua)",utility_regolate,,,41,—,3
CHD,"Church & Dwight Co., Inc.",94.15,-15.2,32.0,98.37,88.91,81.76,73.01,95.98–101.60 ·100,92.47–96.68 ·84,98.7898,Z2,—,,False,{},5.7,False,100,49,—,0,Consumer Staples,consumi_staples,↔️↓ 46 · Δ+0.2,XLP · RSPS,46.0,0.2,contro,"Casa, toeletta & bellezza",prodotti_persona,,,49,—,14
III.L,3i Group Ord,2654.0,-40.5,22.0,2689.02,3134.2,2637.63,2060.95,1034.30–1273.01 ·100,855.27–974.63 ·46,1153.6567,,—,,False,{},,False,80,49,9/10,9,Financials,finanziario,🚀↑ 83 · Δ-0.6,XLF · RSPF,83.0,-0.6,favore,"Mercati capitali (broker, AM, exchanges)",mercati_capitali,67.0,,59,—,5
ES,Eversource Energy,68.52,-9.1,40.0,72.32,66.14,63.56,55.71,69.47–72.23 ·100,67.16–69.93 ·97,70.8501,Z2,—,,False,{},3.2,False,60,49,—,0,Utilities,utilities,🔻↓ 23 · Δ-0.8,XLU · RSPU,23.0,-0.8,contro,"Utility regolate (elettrico, gas, acqua)",utility_regolate,,,43,—,18
EQT,EQT Corporation,54.07,-19.9,53.0,52.42,42.39,39.01,35.63,51.64–55.48 ·100,34.17–37.58 ·65,53.561,Z1,—,,False,{},3.7,False,60,49,—,0,Energy,energia,🚀↑ 90 · Δ-1.8,XLE · RSPG,90.0,-1.8,favore,"Petrolio & gas (E&P, integrati, servizi)",gas_e_p,94.0,5.5,61,—,1
NRG,"NRG Energy, Inc.",113.46,-37.9,51.0,127.72,145.34,64.14,41.04,26.40–37.30 ·100,8.23–15.50 ·24,31.85,,—,,False,{},3.8,False,80,49,8/10,8,Utilities,utilities,🔻↓ 23 · Δ-0.8,XLU · RSPU,23.0,-0.8,contro,"Utility regolate (elettrico, gas, acqua)",utility_regolate,,,42,—,10
CI,The Cigna Group,280.76,-20.2,56.0,280.69,260.37,250.39,201.21,261.65–280.02 ·100,280.02–289.21 ·43,270.8334,Z2,🟢 5/6,classico,False,{},2.7,False,80,49,—,0,Health Care,sanita,📈→ 66 · Δ+5,XLV · RSPH,66.0,5.0,misto,"Servizi sanitari (payer, ospedali)",servizi_sanita,91.0,,57,—,27
YUM,"Yum! Brands, Inc.",140.87,-15.5,30.0,152.12,121.16,95.29,67.47,140.96–149.36 ·100,126.28–132.57 ·74,145.1606,,—,,False,{},3.7,False,60,48,7/10,7,Consumer Discretionary,consumi_disc,⚠️↓ 27 · Δ-0.7,XLY · RSPD,27.0,-0.7,contro,Ristoranti & tempo libero,tempo_libero,,,41,—,5
TPR,"Tapestry, Inc.",118.49,-27.8,32.0,137.38,110.64,91.41,77.63,32.41–41.82 ·100,24.05–33.46 ·84,37.1186,,—,,False,{},8.8,False,80,48,7/10,7,Consumer Discretionary,consumi_disc,⚠️↓ 27 · Δ-0.7,XLY · RSPD,27.0,-0.7,contro,Abbigliamento & lusso,moda_lusso,,,42,—,10
CMS,CMS Energy Corporation,67.15,-14.7,39.0,72.14,59.57,47.45,37.42,53.13–56.56 ·100,68.81–71.75 ·97,54.8438,,—,,False,{},0.0,False,20,48,6/10,6,Utilities,utilities,🔻↓ 23 · Δ-0.8,XLU · RSPU,23.0,-0.8,contro,"Utility regolate (elettrico, gas, acqua)",utility_regolate,,,40,—,4
DXCM,"DexCom, Inc.",83.03,-10.1,19.0,80.03,91.2,91.23,62.75,66.34–74.00 ·100,84.95–91.52 ·36,70.1695,Z3,—,,False,{},5.4,False,100,48,—,0,Health Care,sanita,📈→ 66 · Δ+5,XLV · RSPH,66.0,5.0,misto,Dispositivi medici,dispositivi,66.0,,53,—,5
CNC,Centene Corporation,66.42,-13.3,55.0,64.76,57.24,42.22,47.22,58.09–62.51 ·100,64.41–68.83 ·92,60.3021,Z2,—,,False,{},3.1,False,60,48,—,0,Health Care,sanita,📈→ 66 · Δ+5,XLV · RSPH,66.0,5.0,misto,"Servizi sanitari (payer, ospedali)",servizi_sanita,91.0,,55,—,24
PAH3.DE,Porsche Automobil Holding SE,29.37,-24.6,64.0,28.08,44.99,44.1,38.78,31.68–33.41 ·100,37.72–39.88 ·98,32.5464,Z3,—,,False,{},,False,20,48,8/10,8,Consumer Discretionary,consumi_disc,⚠️↓ 27 · Δ-0.7,XLY · RSPD,27.0,-0.7,contro,Auto & componenti,auto_componenti,,,41,—,1
LMP.L,LondonMetric Property Plc,176.6,-17.8,13.0,189.16,192.0,200.47,192.44,186.47–196.86 ·100,177.38–185.17 ·50,191.6634,,—,,False,{},,False,80,48,—,0,Real Estate,immobiliare,↔️↓ 45 · Δ-1.9,XLRE · RSPR,45.0,-1.9,contro,REIT,REIT,46.0,,52,—,57
ROP,"Roper Technologies, Inc.",388.52,-33.8,33.0,369.89,437.94,424.72,312.71,332.89–366.21 ·100,532.76–554.97 ·48,349.5501,,—,,False,{},6.5,False,80,48,—,0,Information Technology,tech,🚀↑ 78 · Δ+2,XLK · RSPT,78.0,2.2,favore,Software & servizi IT,software,88.0,6.7,56,—,3
UPS,"United Parcel Service, Inc.",100.28,-18.4,43.0,105.93,99.05,117.8,114.67,76.68–82.17 ·100,93.15–98.64 ·85,79.4214,Z3,—,,False,{},3.4,False,60,48,6/10,6,Industrials,industriale,↔️↓ 47 · Δ-1.3,XLI · RSPN,47.0,-1.3,contro,—,,,,47,—,0
CMG,"Chipotle Mexican Grill, Inc.",36.2,-45.3,45.0,34.49,35.76,30.41,25.58,6.85–10.50 ·100,30.54–33.27 ·57,8.6735,,—,,False,{},3.6,False,80,48,6/10,6,Consumer Discretionary,consumi_disc,⚠️↓ 27 · Δ-0.7,XLY · RSPD,27.0,-0.7,contro,Ristoranti & tempo libero,tempo_libero,,,41,—,0
DIS,The Walt Disney Company,106.55,-12.8,47.0,100.81,105.23,112.98,99.65,97.37–104.74 ·100,104.74–112.11 ·99,101.0565,Z2,—,,False,{},1.2,False,80,48,—,0,Communication Services,comunicazioni,↔️↑ 47 · Δ-1.1,XLC · RSPC,47.0,-1.1,favore,Media & intrattenimento,media_intratten,,,50,—,32
ICE,"Intercontinental Exchange, Inc.",157.4,-15.4,43.0,144.88,125.78,81.59,71.99,150.08–160.79 ·100,101.31–110.83 ·49,155.4355,Z1,—,,False,{},1.1,False,80,48,8/10,8,Financials,finanziario,🚀↑ 83 · Δ-0.6,XLF · RSPF,83.0,-0.6,favore,"Mercati capitali (broker, AM, exchanges)",mercati_capitali,67.0,,58,—,0
IFX.DE,Infineon Technologies AG,53.56,-39.1,48.0,64.97,64.09,32.47,16.53,29.80–35.11 ·100,15.04–18.58 ·30,32.4516,,🟡 3/6,classico,False,{},,False,80,48,6/10,6,Information Technology,tech,🚀↑ 78 · Δ+2,XLK · RSPT,78.0,2.2,favore,Semiconduttori & equipaggiamento,semiconduttori,42.0,-5.2,58,—,22
PAYX,"Paychex, Inc.",115.8,-23.8,29.0,111.5,102.97,102.54,97.5,104.96–113.49 ·100,90.75–99.28 ·84,109.2232,,—,,False,{},6.4,False,40,48,—,0,Information Technology,tech,🚀↑ 78 · Δ+2,XLK · RSPT,78.0,2.2,favore,Software & servizi IT,software,88.0,6.7,58,—,22
AIG,"American International Group, Inc.",75.33,-11.9,45.0,77.24,55.01,39.25,37.09,73.62–77.99 ·100,46.25–49.53 ·53,75.8049,Z1,—,,False,{},1.9,False,80,48,—,0,Financials,finanziario,🚀↑ 83 · Δ-0.6,XLF · RSPF,83.0,-0.6,favore,Assicurazioni,assicurazioni,64.0,,58,—,0
AZN.L,AstraZeneca PLC,12144.0,-21.9,51.0,12414.75,10997.99,10388.59,8610.23,10191.79–11008.81 ·100,11281.14–11825.82 ·52,10600.2979,Z3,🟡 2/6,classico,False,{},,False,100,48,5/10,5,Health Care,sanita,📈→ 66 · Δ+5,XLV · RSPH,66.0,5.0,misto,Farmaceutici,farmaci,60.0,10.4,57,—,39
RCL,Royal Caribbean Cruises Ltd.,260.14,-27.7,6.0,297.3,283.07,94.77,80.01,32.89–54.24 ·100,63.73–85.09 ·94,43.5647,,—,,False,{},6.0,False,60,48,—,0,Consumer Discretionary,consumi_disc,⚠️↓ 27 · Δ-0.7,XLY · RSPD,27.0,-0.7,contro,—,,,,41,—,5
PSA,Public Storage,296.5,-12.9,23.0,318.58,287.96,268.01,253.44,250.78–265.76 ·100,265.76–280.75 ·95,258.2713,,—,,False,{},4.2,False,80,48,—,0,Real Estate,immobiliare,↔️↓ 45 · Δ-1.9,XLRE · RSPR,45.0,-1.9,contro,REIT,REIT,46.0,,49,—,29
BNZL.L,Bunzl plc,2602.0,-29.9,19.0,2699.86,2653.72,2454.21,2205.06,2230.75–2361.10 ·100,2035.22–2209.02 ·98,2295.9221,,—,,False,{},,False,80,47,7/10,7,Consumer Staples,consumi_staples,↔️↓ 46 · Δ+0.2,XLP · RSPS,46.0,0.2,contro,Distribuzione & retail (tutti i formati),distribuzione,30.0,-1.9,48,—,18
KVUE,Kenvue Inc.,17.78,-22.3,28.0,18.8,17.24,18.03,18.34,16.88–17.32 ·100,18.49–18.78 ·66,17.1007,,—,,False,{},4.3,False,100,47,—,0,Consumer Staples,consumi_staples,↔️↓ 46 · Δ+0.2,XLP · RSPS,46.0,0.2,contro,"Casa, toeletta & bellezza",prodotti_persona,,,50,—,39
GEHC,GE HealthCare Technologies Inc.,63.93,-31.6,1.0,66.33,64.93,71.23,75.84,74.72–76.68 ·100,71.38–72.49 ·58,75.6988,,—,,False,{},4.8,False,100,47,6/10,6,Health Care,sanita,📈→ 66 · Δ+5,XLV · RSPH,66.0,5.0,misto,Dispositivi medici,dispositivi,66.0,,55,—,30
RL,Ralph Lauren Corporation,339.09,-17.9,27.0,380.13,320.81,284.17,242.26,95.53–119.31 ·100,58.53–71.75 ·26,107.4221,,—,,False,{},9.0,False,80,47,—,0,Consumer Discretionary,consumi_disc,⚠️↓ 27 · Δ-0.7,XLY · RSPD,27.0,-0.7,contro,Abbigliamento & lusso,moda_lusso,,,40,—,4
VICI,VICI Properties Inc.,24.83,-22.1,20.0,26.35,25.05,24.6,24.11,26.44–27.77 ·100,25.94–26.60 ·46,27.1035,,—,,False,{},3.5,False,80,47,6/10,6,Real Estate,immobiliare,↔️↓ 45 · Δ-1.9,XLRE · RSPR,45.0,-1.9,contro,REIT,REIT,46.0,,47,—,15
EN.PA,Bouygues SA,43.58,-17.8,32.0,47.13,28.28,25.21,24.03,24.08–26.16 ·100,25.86–27.05 ·53,25.1173,,—,,False,{},,False,20,47,—,0,Industrials,industriale,↔️↓ 47 · Δ-1.3,XLI · RSPN,47.0,-1.3,contro,—,,,,50,—,45
ALAB,"Astera Labs, Inc.",291.22,-39.7,52.0,347.97,289.37,190.43,160.79,60.92–76.36 ·100,82.54–91.81 ·66,68.6433,,🟡 2/6,classico,False,{},6.8,False,100,47,—,0,Information Technology,tech,🚀↑ 78 · Δ+2,XLK · RSPT,78.0,2.2,favore,Semiconduttori & equipaggiamento,semiconduttori,42.0,-5.2,57,—,21
BALL,Ball Corporation,59.9,-10.7,26.0,61.79,55.86,62.19,61.71,50.39–53.90 ·100,60.93–64.44 ·76,52.1488,Z4,—,,False,{},3.4,False,60,47,—,0,Consumer Discretionary,consumi_disc,⚠️↓ 27 · Δ-0.7,XLY · RSPD,27.0,-0.7,contro,—,,,,41,—,8
CRDA.L,Croda International Plc,3180.0,-26.3,21.0,3200.38,5009.62,4643.89,4417.68,2693.95–3042.03 ·100,4573.58–4921.66 ·51,2867.988,,—,,False,{},,False,80,47,8/10,8,Materials,materiali,↔️↓ 51 · Δ+1.1,XLB · RSPM,51.0,1.1,contro,Chimica,chimica,,,47,—,0
REG,Regency Centers Corporation,74.62,-8.8,45.0,77.92,59.68,56.55,44.6,66.40–69.30 ·100,53.36–56.26 ·76,67.85,Z3,—,,False,{},4.5,False,80,47,—,0,Real Estate,immobiliare,↔️↓ 45 · Δ-1.9,XLRE · RSPR,45.0,-1.9,contro,REIT,REIT,46.0,,45,—,0
TECH,Bio-Techne Corporation,72.12,-9.3,45.0,70.59,66.67,72.2,71.53,69.57–73.68 ·100,49.01–53.12 ·46,71.6241,Z1,—,,False,{},4.3,False,80,47,—,0,Health Care,sanita,📈→ 66 · Δ+5,XLV · RSPH,66.0,5.0,misto,Biotecnologie,biotech,91.0,-1.3,54,—,17
EXPN.L,Experian plc,2899.0,-29.1,46.0,2741.77,3235.87,3012.58,2093.56,2608.35–2832.13 ·100,2459.16–2583.49 ·50,2720.2435,Z3,🟡 4/6,classico,False,{},,False,80,47,8/10,8,⚠️ Industrials,industriale,↔️↓ 47 · Δ-1.3,XLI · RSPN,47.0,-1.3,contro,Beni strumentali & macchinari,capital_goods,48.0,,48,—,16
AVGO,Broadcom Inc.,361.99,-24.7,45.0,380.87,330.96,140.87,60.6,1.01–30.60 ·100,37.17–63.48 ·70,15.8021,,🟡 3/6,classico,False,{},1.1,False,100,47,—,0,Information Technology,tech,🚀↑ 78 · Δ+2,XLK · RSPT,78.0,2.2,favore,Semiconduttori & equipaggiamento,semiconduttori,42.0,-5.2,56,—,9
KDP,Keurig Dr Pepper Inc.,31.39,-12.3,43.0,31.42,30.06,29.37,29.04,30.32–32.47 ·100,28.42–30.08 ·55,31.3951,Z1,—,,False,{},6.2,False,80,47,—,0,Consumer Staples,consumi_staples,↔️↓ 46 · Δ+0.2,XLP · RSPS,46.0,0.2,contro,"Cibo, bevande & tabacco",cibo_bevande,,,49,—,29
DPLM.L,Diploma PLC,7040.0,-8.6,41.0,7231.36,6043.29,4095.64,2671.29,2699.25–3159.78 ·100,5257.71–5615.90 ·95,2929.5158,Z3,—,,False,{},,False,100,46,—,0,Industrials,industriale,↔️↓ 47 · Δ-1.3,XLI · RSPN,47.0,-1.3,contro,Distribuzione & retail (tutti i formati),distribuzione,30.0,-1.9,46,—,7
DOV,Dover Corporation,189.05,-18.4,33.0,206.93,155.31,143.84,80.98,174.22–183.23 ·100,133.68–141.19 ·63,178.7285,,—,,False,{},4.3,False,80,46,—,0,Industrials,industriale,↔️↓ 47 · Δ-1.3,XLI · RSPN,47.0,-1.3,contro,Beni strumentali & macchinari,capital_goods,48.0,,45,—,2
BDX,"Becton, Dickinson and Company",177.85,-6.8,23.0,163.75,156.36,167.28,159.85,170.23–180.89 ·100,144.19–153.66 ·59,175.5603,Z1,—,,False,{},4.5,False,80,46,—,0,Health Care,sanita,📈→ 66 · Δ+5,XLV · RSPH,66.0,5.0,misto,Dispositivi medici,dispositivi,66.0,,52,—,14
DG,Dollar General Corporation,124.58,-19.5,52.0,121.75,123.59,107.88,106.61,103.72–115.71 ·100,117.21–126.21 ·71,109.7175,Z2,—,,False,{},3.0,False,60,46,8/10,8,Consumer Staples,consumi_staples,↔️↓ 46 · Δ+0.2,XLP · RSPS,46.0,0.2,contro,Distribuzione & retail (tutti i formati),distribuzione,30.0,-1.9,49,—,40
DASH,"DoorDash, Inc.",201.95,-28.3,34.0,199.17,190.7,170.6,134.82,173.20–186.22 ·100,56.01–65.78 ·62,179.7082,,🟡 2/6,classico,False,{},4.5,False,60,46,8/10,8,⚠️ Consumer Discretionary,consumi_disc,⚠️↓ 27 · Δ-0.7,XLY · RSPD,27.0,-0.7,contro,Distribuzione & retail (tutti i formati),distribuzione,30.0,-1.9,42,—,30
GD,General Dynamics Corporation,355.9,-10.1,21.0,370.72,328.22,243.94,229.13,254.42–274.50 ·100,334.74–352.31 ·100,264.4622,,—,,False,{},1.1,False,100,46,—,0,Industrials,industriale,↔️↓ 47 · Δ-1.3,XLI · RSPN,47.0,-1.3,contro,Aerospazio & difesa,aero_difesa,17.0,-6.3,45,—,5
AON,Aon plc,302.69,-25.4,23.0,341.06,315.39,285.5,270.86,343.34–363.61 ·100,315.46–330.67 ·72,353.475,,—,,False,{},1.8,False,80,46,6/10,6,Financials,finanziario,🚀↑ 83 · Δ-0.6,XLF · RSPF,83.0,-0.6,favore,Assicurazioni,assicurazioni,64.0,,57,—,12
UNH,UnitedHealth Group Incorporated,379.09,-36.8,42.0,411.38,377.37,326.92,378.78,277.13–308.73 ·100,265.28–281.08 ·29,292.9315,,—,,False,{},1.9,False,60,46,6/10,6,Health Care,sanita,📈→ 66 · Δ+5,XLV · RSPH,66.0,5.0,misto,"Servizi sanitari (payer, ospedali)",servizi_sanita,91.0,,53,—,15
ULVR.L,Unilever PLC,4683.5,-14.4,41.0,4648.39,4551.36,4465.23,4471.19,4723.98–4957.91 ·100,4080.67–4285.36 ·97,4840.9496,Z4,—,,False,{},,False,80,46,10/10,10,Consumer Staples,consumi_staples,↔️↓ 46 · Δ+0.2,XLP · RSPS,46.0,0.2,contro,"Casa, toeletta & bellezza",prodotti_persona,,,46,—,11
CTAS,Cintas Corporation,201.5,-10.4,45.0,194.43,130.99,116.45,62.37,193.80–204.21 ·100,3.60–8.05 ·34,199.0055,Z1,—,,False,{},3.9,False,100,46,—,0,Industrials,industriale,↔️↓ 47 · Δ-1.3,XLI · RSPN,47.0,-1.3,contro,—,,,,45,—,0
BA.L,BAE Systems plc,1950.32,-16.3,26.0,1993.51,1809.93,1257.42,1018.87,460.80–586.35 ·100,758.98–837.45 ·30,523.5763,,—,,False,{},,False,80,46,10/10,10,Industrials,industriale,↔️↓ 47 · Δ-1.3,XLI · RSPN,47.0,-1.3,contro,Aerospazio & difesa,aero_difesa,17.0,-6.3,45,—,1
WRB,W. R. Berkley Corporation,69.9,-8.6,59.0,70.67,52.12,46.45,43.28,66.66–70.58 ·100,38.21–42.14 ·49,68.6212,Z1,—,,False,{},0.0,False,100,46,—,0,Financials,finanziario,🚀↑ 83 · Δ-0.6,XLF · RSPF,83.0,-0.6,favore,Assicurazioni,assicurazioni,64.0,,56,—,0
COHR,Coherent Corp.,305.37,-28.5,56.0,319.83,223.03,133.43,128.14,27.64–53.59 ·100,53.59–79.55 ·90,40.6168,,🟡 3/6,classico,False,{},6.4,False,60,46,6/10,6,Information Technology,tech,🚀↑ 78 · Δ+2,XLK · RSPT,78.0,2.2,favore,Hardware tecnologico,hardware,84.0,,56,—,20
VLTO,Veralto Corporation,94.1,-16.4,25.0,92.79,90.78,92.8,95.06,96.26–98.89 ·100,99.55–101.85 ·79,97.5743,,—,,False,{},2.7,False,80,46,8/10,8,Industrials,industriale,↔️↓ 47 · Δ-1.3,XLI · RSPN,47.0,-1.3,contro,—,,,,48,—,31
XYZ,"Block, Inc.",79.21,-19.9,43.0,79.41,68.08,68.92,101.61,60.55–69.92 ·100,71.79–81.16 ·74,65.232,Z2,—,,False,{},2.8,False,40,46,4/10,4,Information Technology,tech,🚀↑ 78 · Δ+2,XLK · RSPT,78.0,2.2,favore,Software & servizi IT,software,88.0,6.7,57,—,34
CPG.L,Compass Group PLC,31.53,-11.4,56.0,31.73,25.22,23.4,17.29,18.56–20.25 ·100,29.41–31.10 ·97,19.4083,,—,,False,{},,False,60,46,—,0,Consumer Discretionary,consumi_disc,⚠️↓ 27 · Δ-0.7,XLY · RSPD,27.0,-0.7,contro,Ristoranti & tempo libero,tempo_libero,,,40,—,6
NFLX,"Netflix, Inc.",77.4,-42.2,44.0,74.42,31.2,20.61,17.39,0.41–6.65 ·100,28.93–34.28 ·52,3.5309,,—,,False,{},2.2,False,100,46,8/10,8,Communication Services,comunicazioni,↔️↑ 47 · Δ-1.1,XLC · RSPC,47.0,-1.1,favore,Media & intrattenimento,media_intratten,,,45,—,1
QIA.DE,Qiagen N.V.,37.11,-19.2,57.0,35.99,39.05,36.37,34.78,37.83–40.04 ·100,35.62–37.28 ·59,38.9371,Z2,—,,False,{},,False,80,45,8/10,8,Health Care,sanita,📈→ 66 · Δ+5,XLV · RSPH,66.0,5.0,misto,Biotecnologie,biotech,91.0,-1.3,55,—,53
GLW,Corning Incorporated,166.4,-34.8,66.0,174.01,127.86,66.7,38.89,21.89–37.81 ·100,7.74–18.35 ·40,29.847,,🟡 3/6,classico,False,{},2.6,False,100,45,—,0,Information Technology,tech,🚀↑ 78 · Δ+2,XLK · RSPT,78.0,2.2,favore,Hardware tecnologico,hardware,84.0,,55,—,20
TTWO,"Take-Two Interactive Software, Inc.",215.47,-17.9,22.0,237.66,169.35,107.38,96.06,146.17–161.79 ·100,232.96–245.11 ·77,153.9766,,—,,False,{},4.6,False,60,45,8/10,8,Communication Services,comunicazioni,↔️↑ 47 · Δ-1.1,XLC · RSPC,47.0,-1.1,favore,Media & intrattenimento,media_intratten,,,46,—,15
WST,"West Pharmaceutical Services, Inc.",346.23,-5.3,42.0,347.07,289.7,301.69,292.3,216.30–237.62 ·100,243.72–255.90 ·73,226.962,Z3,—,,False,{},3.6,False,100,45,—,0,Health Care,sanita,📈→ 66 · Δ+5,XLV · RSPH,66.0,5.0,misto,Dispositivi medici,dispositivi,66.0,,51,—,7
PPL,PPL Corporation,34.08,-13.0,50.0,35.37,30.25,27.56,27.31,34.20–35.95 ·100,22.89–24.64 ·83,35.0749,,—,,False,{},5.7,False,40,45,—,0,Utilities,utilities,🔻↓ 23 · Δ-0.8,XLU · RSPU,23.0,-0.8,contro,"Utility regolate (elettrico, gas, acqua)",utility_regolate,,,37,—,1
ECHO,EchoStar Corporation,93.14,-34.3,69.0,95.61,94.02,72.12,59.94,21.47–28.81 ·100,13.20–18.71 ·63,25.1383,,🟡 2/6,classico,False,{},24.5,False,20,45,7/10,7,Communication Services,comunicazioni,↔️↑ 47 · Δ-1.1,XLC · RSPC,47.0,-1.1,favore,Telecomunicazioni,telecom,,,44,—,5
DG.PA,Vinci SA,110.4,-20.1,29.0,121.08,88.32,78.57,57.35,70.65–77.40 ·100,77.40–80.78 ·52,74.0257,,—,,False,{},,False,80,45,7/10,7,Industrials,industriale,↔️↓ 47 · Δ-1.3,XLI · RSPN,47.0,-1.3,contro,—,,,,46,—,16
VOW3.DE,Volkswagen AG,82.02,-19.4,68.0,75.07,93.22,87.62,86.28,90.23–98.56 ·100,79.13–86.53 ·97,94.394,Z2,—,,False,{},,False,40,45,8/10,8,Consumer Discretionary,consumi_disc,⚠️↓ 27 · Δ-0.7,XLY · RSPD,27.0,-0.7,contro,Auto & componenti,auto_componenti,,,42,—,38
SHL.DE,Siemens Healthineers AG,39.23,-29.6,38.0,36.82,44.73,45.18,44.64,44.79–46.72 ·100,42.14–43.35 ·57,45.7534,,—,,False,{},,False,80,45,9/10,9,Health Care,sanita,📈→ 66 · Δ+5,XLV · RSPH,66.0,5.0,misto,Dispositivi medici,dispositivi,66.0,,54,—,39
VRT,Vertiv Holdings Co,257.06,-31.7,48.0,283.5,194.57,122.85,91.49,7.23–27.23 ·100,82.25–99.76 ·71,17.2292,,—,,False,{},3.6,False,100,44,5/10,5,Industrials,industriale,↔️↓ 47 · Δ-1.3,XLI · RSPN,47.0,-1.3,contro,Beni strumentali & macchinari,capital_goods,48.0,,43,—,4
ORLY,"O'Reilly Automotive, Inc.",85.82,-20.4,35.0,88.36,57.23,47.17,41.31,15.31–19.59 ·100,28.86–31.00 ·37,17.4514,,🟡 3/6,classico,False,{},3.3,False,60,44,6/10,6,⚠️ Consumer Discretionary,consumi_disc,⚠️↓ 27 · Δ-0.7,XLY · RSPD,27.0,-0.7,contro,Auto & componenti,auto_componenti,,,37,—,1
ENR.DE,Siemens Energy AG,132.26,-29.5,32.0,152.58,122.8,62.56,51.41,8.85–16.26 ·100,19.96–27.37 ·87,12.551,,🟡 2/6,classico,False,{},,False,100,44,7/10,7,⚠️ Industrials,industriale,↔️↓ 47 · Δ-1.3,XLI · RSPN,47.0,-1.3,contro,Beni strumentali & macchinari,capital_goods,48.0,,44,—,12
MAS,Masco Corporation,68.52,-17.2,34.0,75.43,68.17,57.68,30.62,60.90–65.24 ·100,—,63.0704,,—,,False,{},4.9,False,60,44,8/10,8,Industrials,industriale,↔️↓ 47 · Δ-1.3,XLI · RSPN,47.0,-1.3,contro,Beni strumentali & macchinari,capital_goods,48.0,,44,—,12
GLE.PA,Société Générale Société anonyme,72.8,-13.6,40.0,76.8,26.34,24.04,21.79,18.89–23.49 ·100,16.84–18.89 ·25,21.1876,,—,,False,{},,False,40,44,—,0,Financials,finanziario,🚀↑ 83 · Δ-0.6,XLF · RSPF,83.0,-0.6,favore,Banche,banche,60.0,,58,—,43
HO.PA,Thales S.A.,231.4,-14.9,20.0,240.13,232.79,158.87,140.23,70.99–81.33 ·100,124.42–134.76 ·81,76.1614,,—,,False,{},,False,100,44,8/10,8,Industrials,industriale,↔️↓ 47 · Δ-1.3,XLI · RSPN,47.0,-1.3,contro,Aerospazio & difesa,aero_difesa,17.0,-6.3,43,—,0
UAL,"United Airlines Holdings, Inc.",109.82,-19.3,45.0,121.61,89.34,48.69,45.35,40.16–47.40 ·100,32.02–37.45 ·59,43.78,,—,,False,{},5.4,False,60,44,7/10,7,Industrials,industriale,↔️↓ 47 · Δ-1.3,XLI · RSPN,47.0,-1.3,contro,Trasporti,trasporti,46.0,,46,—,31
IFF,International Flavors & Fragrances Inc.,83.61,-18.0,47.0,80.72,89.16,89.9,93.26,73.02–78.65 ·100,79.45–84.28 ·61,75.8319,Z2,—,,False,{},8.7,False,40,44,—,0,Materials,materiali,↔️↓ 51 · Δ+1.1,XLB · RSPM,51.0,1.1,contro,Chimica,chimica,,,45,—,7
JKHY,"Jack Henry & Associates, Inc.",161.12,-15.4,42.0,147.9,158.48,131.64,120.55,160.50–171.88 ·100,140.28–151.65 ·82,166.1903,Z1,—,,False,{},7.1,False,100,44,7/10,7,Information Technology,tech,🚀↑ 78 · Δ+2,XLK · RSPT,78.0,2.2,favore,Software & servizi IT,software,88.0,6.7,54,—,20
DCC.L,DCC Energy plc,6330.93,-0.9,40.0,6300.02,5636.57,5391.44,5825.06,4601.69–4857.36 ·100,6186.85–6442.53 ·85,4729.5248,Z2,—,,False,{},,False,60,44,—,0,Energy,energia,🚀↑ 90 · Δ-1.8,XLE · RSPG,90.0,-1.8,favore,"Petrolio & gas (E&P, integrati, servizi)",gas_e_p,94.0,5.5,56,—,0
STX,Seagate Technology Holdings plc,830.17,-24.1,47.0,879.0,415.51,112.87,71.49,9.15–70.09 ·100,62.47–108.18 ·71,39.6162,,—,,False,{},4.3,False,80,44,7/10,7,Information Technology,tech,🚀↑ 78 · Δ+2,XLK · RSPT,78.0,2.2,favore,Hardware tecnologico,hardware,84.0,,56,—,40
LRCX,Lam Research Corporation,298.22,-31.2,42.0,334.44,190.31,109.94,79.03,1.55–21.94 ·100,39.42–56.89 ·50,11.743,,—,,False,{},2.5,False,100,44,—,0,Information Technology,tech,🚀↑ 78 · Δ+2,XLK · RSPT,78.0,2.2,favore,Semiconduttori & equipaggiamento,semiconduttori,42.0,-5.2,53,—,10
CTSH,Cognizant Technology Solutions Corporation,60.0,-31.6,44.0,49.14,64.56,58.21,50.99,62.63–66.91 ·100,68.52–71.20 ·54,64.7742,,—,,False,{},7.9,False,80,44,9/10,9,Information Technology,tech,🚀↑ 78 · Δ+2,XLK · RSPT,78.0,2.2,favore,Software & servizi IT,software,88.0,6.7,57,—,47
QCOM,QUALCOMM Incorporated,181.97,-26.8,80.0,178.67,186.92,138.87,125.07,151.90–166.10 ·100,41.52–52.55 ·59,159.0005,,🟡 3/6,classico,False,{},3.5,False,80,44,—,0,Information Technology,tech,🚀↑ 78 · Δ+2,XLK · RSPT,78.0,2.2,favore,Semiconduttori & equipaggiamento,semiconduttori,42.0,-5.2,53,—,9
TER,"Teradyne, Inc.",379.72,-21.5,51.0,387.34,228.23,148.75,67.5,93.46–122.55 ·100,77.31–96.70 ·56,108.0067,,🟡 3/6,classico,False,{},5.2,False,100,44,8/10,8,Information Technology,tech,🚀↑ 78 · Δ+2,XLK · RSPT,78.0,2.2,favore,Semiconduttori & equipaggiamento,semiconduttori,42.0,-5.2,55,—,33
FLEX,Flex Ltd.,115.78,-28.6,56.0,132.5,82.04,56.77,30.35,4.67–11.29 ·100,10.19–15.71 ·95,7.9838,,🟡 3/6,classico,False,{},3.0,False,60,44,—,0,Information Technology,tech,🚀↑ 78 · Δ+2,XLK · RSPT,78.0,2.2,favore,Hardware tecnologico,hardware,84.0,,54,—,20
MCO,Moody's Corporation,474.95,-11.4,37.0,479.8,364.97,213.07,132.64,458.36–490.19 ·100,16.19–26.80 ·20,474.2757,Z1,—,,False,{},1.7,False,80,44,—,0,Financials,finanziario,🚀↑ 83 · Δ-0.6,XLF · RSPF,83.0,-0.6,favore,"Mercati capitali (broker, AM, exchanges)",mercati_capitali,67.0,,54,—,0
CASY,"Casey's General Stores, Inc.",615.47,-32.8,13.0,785.66,635.45,373.42,314.07,173.74–228.42 ·100,88.68–131.21 ·94,201.0833,,🟡 3/6,classico,False,{},4.2,False,80,43,—,0,⚠️ Consumer Discretionary,consumi_disc,⚠️↓ 27 · Δ-0.7,XLY · RSPD,27.0,-0.7,contro,Distribuzione & retail (tutti i formati),distribuzione,30.0,-1.9,37,—,11
NOW,"ServiceNow, Inc.",132.53,-43.4,53.0,112.87,106.61,119.42,106.51,92.29–104.83 ·100,103.26–115.80 ·91,98.5616,,—,,False,{},2.9,False,60,43,5/10,5,Information Technology,tech,🚀↑ 78 · Δ+2,XLK · RSPT,78.0,2.2,favore,Software & servizi IT,software,88.0,6.7,55,—,43
TPL,Texas Pacific Land Corporation,369.1,-35.3,41.0,382.65,264.81,250.2,235.2,172.11–203.12 ·100,148.85–175.98 ·80,187.6131,,—,,False,{},9.8,False,80,43,8/10,8,Energy,energia,🚀↑ 90 · Δ-1.8,XLE · RSPG,90.0,-1.8,favore,"Petrolio & gas (E&P, integrati, servizi)",gas_e_p,94.0,5.5,57,—,19
NBIS,Nebius Group N.V.,224.55,-21.7,52.0,220.73,182.78,128.89,,82.67–92.20 ·100,21.71–31.24 ·79,87.4376,,🟡 3/6,classico,False,{},19.2,False,40,43,—,0,Communication Services,comunicazioni,↔️↑ 47 · Δ-1.1,XLC · RSPC,47.0,-1.1,favore,Software & servizi IT,software,88.0,6.7,43,—,12
MKS.L,Marks and Spencer Group plc,372.7,-9.4,39.0,388.23,268.33,253.02,226.94,347.26–376.90 ·100,320.91–340.67 ·49,362.0812,Z1,—,,False,{},,False,40,43,—,0,Consumer Discretionary,consumi_disc,⚠️↓ 27 · Δ-0.7,XLY · RSPD,27.0,-0.7,contro,—,,,,36,—,5
MDT,Medtronic plc,90.96,-11.5,41.0,85.97,84.44,84.55,78.53,74.65–80.68 ·100,83.36–88.72 ·67,77.6642,,—,,False,{},0.9,False,80,43,—,0,Health Care,sanita,📈→ 66 · Δ+5,XLV · RSPH,66.0,5.0,misto,Dispositivi medici,dispositivi,66.0,,51,—,29
MBG.DE,Mercedes-Benz Group AG,46.67,-19.3,62.0,45.71,41.7,34.38,30.46,48.30–51.00 ·100,46.37–48.69 ·87,49.6526,Z2,—,,False,{},,False,0,43,8/10,8,Consumer Discretionary,consumi_disc,⚠️↓ 27 · Δ-0.7,XLY · RSPD,27.0,-0.7,contro,Auto & componenti,auto_componenti,,,37,—,10
MRO.L,Melrose Industries PLC,467.8,-31.4,52.0,481.22,490.74,413.83,336.11,492.28–524.80 ·100,469.04–496.92 ·97,508.5389,,—,,False,{},,False,60,43,10/10,10,Industrials,industriale,↔️↓ 47 · Δ-1.3,XLI · RSPN,47.0,-1.3,contro,Beni strumentali & macchinari,capital_goods,48.0,,45,—,32
FRES.L,Fresnillo plc,2894.0,-34.9,31.0,2854.33,1166.29,1103.04,1103.01,500.46–727.32 ·100,698.96–840.75 ·59,613.8877,,—,,False,{},,False,100,43,7/10,7,Materials,materiali,↔️↓ 51 · Δ+1.1,XLB · RSPM,51.0,1.1,contro,Metalli & miniere,metalli_minere,58.0,,46,—,27
MPWR,"Monolithic Power Systems, Inc.",1234.46,-26.8,35.0,1349.57,1049.98,644.84,402.13,564.53–644.03 ·100,428.26–485.04 ·78,604.28,,—,,False,{},5.5,False,100,43,8/10,8,Information Technology,tech,🚀↑ 78 · Δ+2,XLK · RSPT,78.0,2.2,favore,Semiconduttori & equipaggiamento,semiconduttori,42.0,-5.2,53,—,20
SWKS,"Skyworks Solutions, Inc.",88.35,-7.6,88.0,67.1,90.84,80.39,65.4,65.33–73.41 ·100,59.56–66.49 ·85,69.3706,Z3,—,,False,{},36.4,False,40,43,—,0,Information Technology,tech,🚀↑ 78 · Δ+2,XLK · RSPT,78.0,2.2,favore,Semiconduttori & equipaggiamento,semiconduttori,42.0,-5.2,54,—,27
URI,"United Rentals, Inc.",989.12,-15.1,26.0,1083.19,442.79,160.74,147.4,80.74–143.39 ·100,49.41–88.57 ·46,112.0667,,—,,False,{},2.6,False,80,43,9/10,9,Industrials,industriale,↔️↓ 47 · Δ-1.3,XLI · RSPN,47.0,-1.3,contro,—,,,,45,—,33
BN.PA,Danone S.A.,62.5,-18.7,31.0,68.81,54.47,53.54,50.78,47.08–50.24 ·100,43.14–45.11 ·50,48.6604,,—,,False,{},,False,80,43,—,0,Consumer Staples,consumi_staples,↔️↓ 46 · Δ+0.2,XLP · RSPS,46.0,0.2,contro,"Cibo, bevande & tabacco",cibo_bevande,,,43,—,12
LMT,Lockheed Martin Corporation,524.19,-21.5,30.0,543.56,553.94,407.41,390.43,412.62–447.08 ·100,399.70–416.93 ·44,429.8532,,—,,False,{},1.4,False,80,43,10/10,10,Industrials,industriale,↔️↓ 47 · Δ-1.3,XLI · RSPN,47.0,-1.3,contro,Aerospazio & difesa,aero_difesa,17.0,-6.3,45,—,26
VIE.PA,Veolia Environnement SA,31.17,-16.9,12.0,35.05,24.61,16.9,14.68,24.60–26.40 ·100,27.53–29.33 ·94,25.5004,,—,,False,{},,False,40,43,7/10,7,Industrials,industriale,↔️↓ 47 · Δ-1.3,XLI · RSPN,47.0,-1.3,contro,Beni strumentali & macchinari,capital_goods,48.0,,44,—,17
DAL,"Delta Air Lines, Inc.",79.91,-14.5,42.0,86.36,62.37,59.41,41.4,36.29–41.83 ·100,43.06–46.15 ·44,39.059,,—,,False,{},3.9,False,80,43,4/10,4,Industrials,industriale,↔️↓ 47 · Δ-1.3,XLI · RSPN,47.0,-1.3,contro,Trasporti,trasporti,46.0,,44,—,17
ALLE,Allegion plc,153.35,-14.0,32.0,150.52,151.65,123.04,121.76,132.85–141.64 ·100,121.14–127.97 ·79,137.2464,,—,,False,{},4.7,False,80,43,5/10,5,Industrials,industriale,↔️↓ 47 · Δ-1.3,XLI · RSPN,47.0,-1.3,contro,Beni strumentali & macchinari,capital_goods,48.0,,43,—,14
SNPS,"Synopsys, Inc.",397.38,-38.4,50.0,416.95,463.76,408.73,364.76,431.77–461.38 ·100,482.53–516.37 ·86,446.5718,,🟡 3/6,classico,False,{},2.7,False,80,43,10/10,10,Information Technology,tech,🚀↑ 78 · Δ+2,XLK · RSPT,78.0,2.2,favore,Software & servizi IT,software,88.0,6.7,54,—,33
SGO.PA,Compagnie de Saint-Gobain S.A.,69.9,-30.5,20.0,78.44,68.82,54.81,33.83,27.10–31.98 ·100,25.88–27.71 ·31,29.5402,,—,,False,{},,False,60,43,—,0,Industrials,industriale,↔️↓ 47 · Δ-1.3,XLI · RSPN,47.0,-1.3,contro,Beni strumentali & macchinari,capital_goods,48.0,,44,—,19
WEIR.L,Weir PLC,2622.0,-26.1,33.0,2619.06,1927.43,1784.45,1806.63,1743.59–1896.60 ·100,1874.74–1984.03 ·66,1820.0918,,—,,False,{},,False,80,43,8/10,8,Industrials,industriale,↔️↓ 47 · Δ-1.3,XLI · RSPN,47.0,-1.3,contro,Beni strumentali & macchinari,capital_goods,48.0,,48,—,64
ZBRA,Zebra Technologies Corporation,350.37,-16.8,37.0,306.13,267.66,311.52,254.12,231.64–267.58 ·100,283.55–311.51 ·49,249.61,,—,,False,{},4.6,False,100,42,—,0,Information Technology,tech,🚀↑ 78 · Δ+2,XLK · RSPT,78.0,2.2,favore,Hardware tecnologico,hardware,84.0,,53,—,33
ACA.PA,Crédit Agricole S.A.,18.42,-8.8,34.0,18.52,10.16,6.86,6.13,6.53–7.55 ·100,7.55–8.57 ·76,7.0424,,—,,False,{},,False,20,42,—,0,Financials,finanziario,🚀↑ 83 · Δ-0.6,XLF · RSPF,83.0,-0.6,favore,Banche,banche,60.0,,54,—,23
ACGL,Arch Capital Group Ltd.,96.09,-12.0,37.0,98.66,82.52,66.06,61.5,89.55–94.49 ·100,86.72–89.55 ·41,92.0191,,—,,False,{},2.5,False,80,42,—,0,Financials,finanziario,🚀↑ 83 · Δ-0.6,XLF · RSPF,83.0,-0.6,favore,Assicurazioni,assicurazioni,64.0,,53,—,12
HAL,Halliburton Company,35.84,-15.9,54.0,34.19,29.48,27.64,24.61,33.96–36.17 ·100,25.50–28.08 ·92,35.0659,Z1,—,,False,{},5.6,False,80,42,—,0,Energy,energia,🚀↑ 90 · Δ-1.8,XLE · RSPG,90.0,-1.8,favore,"Petrolio & gas (E&P, integrati, servizi)",gas_e_p,94.0,5.5,54,—,4
IMB.L,Imperial Brands PLC,2552.0,-23.6,52.0,2715.45,2275.53,2146.89,2067.67,1734.55–1893.80 ·100,2709.97–2829.40 ·65,1814.1749,,🟡 3/6,classico,False,{},,False,80,42,8/10,8,⚠️ Consumer Staples,consumi_staples,↔️↓ 46 · Δ+0.2,XLP · RSPS,46.0,0.2,contro,"Cibo, bevande & tabacco",cibo_bevande,,,41,—,2
ATO,Atmos Energy Corporation,163.19,-14.1,42.0,171.64,127.45,118.05,94.49,102.33–110.65 ·100,164.13–171.26 ·58,106.4912,,—,,False,{},3.0,False,60,42,—,0,Utilities,utilities,🔻↓ 23 · Δ-0.8,XLU · RSPU,23.0,-0.8,contro,"Utility regolate (elettrico, gas, acqua)",utility_regolate,,,34,—,4
CAT,Caterpillar Inc.,818.57,-23.0,47.0,897.7,618.04,298.13,144.66,169.11–225.51 ·100,91.56–133.86 ·87,197.3093,,🟡 3/6,classico,False,{},1.8,False,80,42,—,0,⚠️ Industrials,industriale,↔️↓ 47 · Δ-1.3,XLI · RSPN,47.0,-1.3,contro,Beni strumentali & macchinari,capital_goods,48.0,,42,—,12
TEL,TE Connectivity plc,211.96,-13.9,61.0,204.58,203.07,143.01,83.96,132.83–145.92 ·100,113.20–126.29 ·89,139.3749,,—,,False,{},3.8,False,100,42,8/10,8,Information Technology,tech,🚀↑ 78 · Δ+2,XLK · RSPT,78.0,2.2,favore,Hardware tecnologico,hardware,84.0,,52,—,20
SYK,Stryker Corporation,275.56,-31.0,19.0,320.08,339.85,282.83,164.63,343.16–363.21 ·100,360.70–378.24 ·79,353.1848,,—,,False,{},2.1,False,100,42,9/10,9,Health Care,sanita,📈→ 66 · Δ+5,XLV · RSPH,66.0,5.0,misto,Dispositivi medici,dispositivi,66.0,,50,—,33
TDY,Teledyne Technologies Incorporated,603.79,-12.7,28.0,642.11,616.45,449.22,299.33,382.19–413.74 ·100,409.23–436.28 ·87,397.9678,,—,,False,{},2.4,False,80,42,—,0,Information Technology,tech,🚀↑ 78 · Δ+2,XLK · RSPT,78.0,2.2,favore,Hardware tecnologico,hardware,84.0,,51,—,14
XEL,Xcel Energy Inc.,75.5,-8.7,45.0,78.64,68.1,62.27,44.88,75.77–80.24 ·100,57.38–60.36 ·51,78.0035,,—,,False,{},7.5,False,20,42,—,0,Utilities,utilities,🔻↓ 23 · Δ-0.8,XLU · RSPU,23.0,-0.8,contro,"Utility regolate (elettrico, gas, acqua)",utility_regolate,,,34,—,1
GEV,GE Vernova Inc.,957.27,-18.5,50.0,1022.85,871.75,702.74,570.55,309.17–359.64 ·100,150.56–186.61 ·90,334.4056,,—,,False,{},3.3,False,80,42,6/10,6,Industrials,industriale,↔️↓ 47 · Δ-1.3,XLI · RSPN,47.0,-1.3,contro,Beni strumentali & macchinari,capital_goods,48.0,,41,—,4
SGE.L,The Sage Group plc,1016.5,-24.6,36.0,957.31,877.88,793.51,628.61,669.02–749.50 ·100,794.21–865.74 ·97,709.2579,,—,,False,{},,False,80,42,8/10,8,Information Technology,tech,🚀↑ 78 · Δ+2,XLK · RSPT,78.0,2.2,favore,Software & servizi IT,software,88.0,6.7,52,—,17
SHOP,Shopify Inc.,128.79,-28.1,31.0,130.99,117.3,79.57,70.48,29.38–39.00 ·100,37.80–43.81 ·45,34.1882,,—,,False,{},1.5,False,100,42,8/10,8,Information Technology,tech,🚀↑ 78 · Δ+2,XLK · RSPT,78.0,2.2,favore,Software & servizi IT,software,88.0,6.7,52,—,18
TROW,"T. Rowe Price Group, Inc.",106.29,-12.6,28.0,113.44,98.19,104.67,72.28,96.93–103.70 ·100,91.29–96.93 ·60,100.3131,,—,,False,{},14.3,False,100,42,—,0,Financials,finanziario,🚀↑ 83 · Δ-0.6,XLF · RSPF,83.0,-0.6,favore,"Mercati capitali (broker, AM, exchanges)",mercati_capitali,67.0,,55,—,34
ED,"Consolidated Edison, Inc.",106.46,-6.3,50.0,108.73,101.21,81.94,62.97,80.99–86.22 ·100,94.72–99.29 ·85,83.6072,Z3,—,,False,{},3.4,False,40,42,—,0,Utilities,utilities,🔻↓ 23 · Δ-0.8,XLU · RSPU,23.0,-0.8,contro,"Utility regolate (elettrico, gas, acqua)",utility_regolate,,,35,—,12
HLN.L,Haleon plc,345.0,-16.9,30.0,358.84,352.24,358.75,364.11,324.25–331.39 ·100,371.82–378.96 ·95,327.8203,,—,,False,{},,False,80,41,5/10,5,Health Care,sanita,📈→ 66 · Δ+5,XLV · RSPH,66.0,5.0,misto,Farmaceutici,farmaci,60.0,10.4,47,—,12
BNR.DE,Brenntag SE,61.88,-4.3,53.0,59.44,56.03,57.89,49.25,58.88–62.50 ·100,55.26–57.97 ·67,60.6875,Z1,—,,False,{},,False,60,41,—,0,Materials,materiali,↔️↓ 51 · Δ+1.1,XLB · RSPM,51.0,1.1,contro,Chimica,chimica,,,43,—,21
BNP.PA,BNP Paribas SA,102.26,-9.3,37.0,104.82,50.33,40.31,35.04,33.55–39.83 ·100,25.18–31.46 ·88,36.6919,,—,,False,{},,False,40,41,—,0,Financials,finanziario,🚀↑ 83 · Δ-0.6,XLF · RSPF,83.0,-0.6,favore,Banche,banche,60.0,,53,—,24
URW.PA,Unibail-Rodamco-Westfield SE,92.76,-12.4,5.0,101.39,87.77,82.26,75.2,67.80–71.04 ·100,83.99–86.30 ·72,69.4157,,—,,False,{},,False,40,41,—,0,Real Estate,immobiliare,↔️↓ 45 · Δ-1.9,XLRE · RSPR,45.0,-1.9,contro,REIT,REIT,46.0,,39,—,2
ENGI.PA,Engie SA,23.7,-15.7,32.0,26.06,23.68,14.73,11.97,7.29–8.68 ·100,9.14–9.76 ·28,7.9849,,—,,False,{},,False,20,41,—,0,Utilities,utilities,🔻↓ 23 · Δ-0.8,XLU · RSPU,23.0,-0.8,contro,"Utility regolate (elettrico, gas, acqua)",utility_regolate,,,34,—,7
PGR,The Progressive Corporation,217.62,-20.4,47.0,215.61,205.43,149.76,133.66,195.92–210.28 ·100,221.05–235.41 ·79,203.0996,,🟡 4/6,classico,False,{},1.0,False,100,41,4/10,4,Financials,finanziario,🚀↑ 83 · Δ-0.6,XLF · RSPF,83.0,-0.6,favore,Assicurazioni,assicurazioni,64.0,,54,—,29
IAG.L,International Consolidated Airlines Group S.A.,405.3,-16.9,35.0,450.45,334.58,206.27,276.98,141.27–173.23 ·100,378.65–401.48 ·29,157.2499,,—,,False,{},,False,80,41,8/10,8,Industrials,industriale,↔️↓ 47 · Δ-1.3,XLI · RSPN,47.0,-1.3,contro,Trasporti,trasporti,46.0,,40,—,2
HEN3.DE,Henkel AG & Co. KGaA,73.66,-10.1,35.0,75.19,67.23,73.93,67.62,65.40–69.07 ·100,75.18–78.86 ·71,67.2318,,—,,False,{},,False,60,41,—,0,Consumer Staples,consumi_staples,↔️↓ 46 · Δ+0.2,XLP · RSPS,46.0,0.2,contro,"Casa, toeletta & bellezza",prodotti_persona,,,45,—,49
PKG,Packaging Corporation of America,234.4,-8.9,31.0,240.12,153.6,119.01,108.61,202.36–215.91 ·100,114.23–126.09 ·92,209.1355,,—,,False,{},3.5,False,80,41,—,0,Consumer Discretionary,consumi_disc,⚠️↓ 27 · Δ-0.7,XLY · RSPD,27.0,-0.7,contro,—,,,,34,—,0
WBD,"Warner Bros. Discovery, Inc.",28.04,-6.5,38.0,27.03,19.03,16.42,16.31,9.24–11.63 ·100,7.32–9.72 ·76,10.434,Z3,—,,False,{},2.8,False,40,41,—,0,Communication Services,comunicazioni,↔️↑ 47 · Δ-1.1,XLC · RSPC,47.0,-1.1,favore,Media & intrattenimento,media_intratten,,,40,—,2
AWK,"American Water Works Company, Inc.",137.69,-5.8,57.0,134.03,131.62,130.68,91.78,130.28–138.83 ·100,126.01–131.35 ·62,134.555,Z1,—,,False,{},7.5,False,40,41,—,0,Utilities,utilities,🔻↓ 23 · Δ-0.8,XLU · RSPU,23.0,-0.8,contro,"Utility regolate (elettrico, gas, acqua)",utility_regolate,,,37,—,41
APD,"Air Products and Chemicals, Inc.",291.43,-10.4,32.0,296.11,263.98,253.04,239.56,249.57–267.71 ·100,275.77–287.86 ·56,258.6399,,—,,False,{},1.8,False,40,41,—,0,Materials,materiali,↔️↓ 51 · Δ+1.1,XLB · RSPM,51.0,1.1,contro,Chimica,chimica,,,45,—,42
OR.PA,L'Oréal S.A.,381.0,-4.5,40.0,382.92,368.95,336.09,236.19,348.88–373.56 ·100,324.19–346.13 ·63,361.2202,Z3,—,,False,{},,False,100,41,—,0,Consumer Staples,consumi_staples,↔️↓ 46 · Δ+0.2,XLP · RSPS,46.0,0.2,contro,"Casa, toeletta & bellezza",prodotti_persona,,,43,—,31
MELI,"MercadoLibre, Inc.",1897.37,-27.4,47.0,1831.38,1438.38,1279.45,696.51,1697.02–1784.82 ·100,64.01–134.25 ·90,1740.9202,,—,,False,{},1.6,False,60,41,6/10,6,Consumer Discretionary,consumi_disc,⚠️↓ 27 · Δ-0.7,XLY · RSPD,27.0,-0.7,contro,Distribuzione & retail (tutti i formati),distribuzione,30.0,-1.9,34,—,4
PWR,"Quanta Services, Inc.",650.58,-17.1,53.0,662.42,497.16,381.68,224.89,15.07–46.01 ·100,241.98–278.08 ·28,30.5422,,—,,False,{},2.4,False,80,40,8/10,8,Industrials,industriale,↔️↓ 47 · Δ-1.3,XLI · RSPN,47.0,-1.3,contro,—,,,,39,—,1
LNT,Alliant Energy Corporation,67.26,-13.1,44.0,71.91,55.36,53.69,39.51,45.72–49.11 ·100,69.48–72.39 ·77,47.4132,,—,,False,{},10.9,False,40,40,—,0,Utilities,utilities,🔻↓ 23 · Δ-0.8,XLU · RSPU,23.0,-0.8,contro,"Utility regolate (elettrico, gas, acqua)",utility_regolate,,,32,—,2
KR,The Kroger Co.,58.49,-21.7,53.0,57.5,37.42,34.7,33.46,40.85–44.52 ·100,62.84–66.50 ·100,42.6837,,🟡 4/6,classico,False,{},4.7,False,40,40,8/10,8,⚠️ Consumer Staples,consumi_staples,↔️↓ 46 · Δ+0.2,XLP · RSPS,46.0,0.2,contro,"Cibo, bevande & tabacco",cibo_bevande,,,40,—,7
O,Realty Income Corporation,59.5,-9.6,23.0,62.29,51.64,48.74,45.6,52.81–55.24 ·100,49.97–52.40 ·80,54.0233,,—,,False,{},4.9,False,80,40,—,0,Real Estate,immobiliare,↔️↓ 45 · Δ-1.9,XLRE · RSPR,45.0,-1.9,contro,REIT,REIT,46.0,,39,—,12
BVI.PA,Bureau Veritas SA,28.04,-4.3,56.0,27.46,26.01,23.39,19.34,26.54–27.58 ·100,25.67–26.71 ·98,27.0593,Z4,—,,False,{},,False,60,40,—,0,Industrials,industriale,↔️↓ 47 · Δ-1.3,XLI · RSPN,47.0,-1.3,contro,Beni strumentali & macchinari,capital_goods,48.0,,41,—,15
FIX,"Comfort Systems USA, Inc.",1690.82,-18.1,53.0,1746.6,1128.32,740.92,505.79,6.74–130.71 ·100,282.23–378.65 ·58,68.7263,,—,,False,{},3.0,False,80,40,8/10,8,Industrials,industriale,↔️↓ 47 · Δ-1.3,XLI · RSPN,47.0,-1.3,contro,—,,,,40,—,6
JBL,Jabil Inc.,318.08,-17.5,53.0,337.97,247.88,122.54,45.89,11.07–36.65 ·100,104.86–121.91 ·35,23.8603,,—,,False,{},3.4,False,60,40,7/10,7,Information Technology,tech,🚀↑ 78 · Δ+2,XLK · RSPT,78.0,2.2,favore,Hardware tecnologico,hardware,84.0,,49,—,7
ROST,"Ross Stores, Inc.",230.74,-9.4,37.0,231.23,142.62,125.18,113.1,132.86–144.56 ·100,142.88–151.24 ·71,138.7071,,—,,False,{},3.1,False,100,40,—,0,Consumer Discretionary,consumi_disc,⚠️↓ 27 · Δ-0.7,XLY · RSPD,27.0,-0.7,contro,Abbigliamento & lusso,moda_lusso,,,38,—,49
HST,"Host Hotels & Resorts, Inc.",22.24,-12.9,30.0,23.51,15.01,14.22,12.8,12.89–13.86 ·100,14.34–15.14 ·73,13.3745,,—,,False,{},8.0,False,100,40,—,0,Real Estate,immobiliare,↔️↓ 45 · Δ-1.9,XLRE · RSPR,45.0,-1.9,contro,REIT,REIT,46.0,,40,—,23
GE,GE Aerospace,323.66,-15.1,31.0,356.76,285.81,213.39,104.86,49.41–69.09 ·100,27.28–42.03 ·52,59.2509,,—,,False,{},1.5,False,80,39,8/10,8,Industrials,industriale,↔️↓ 47 · Δ-1.3,XLI · RSPN,47.0,-1.3,contro,Aerospazio & difesa,aero_difesa,17.0,-6.3,39,—,8
GAW.L,Games Workshop Group PLC,17680.0,-19.4,36.0,19475.17,13412.34,11170.55,10632.62,9202.55–10449.05 ·100,7021.18–7488.61 ·24,9825.7967,,—,,False,{},,False,100,39,—,0,Consumer Discretionary,consumi_disc,⚠️↓ 27 · Δ-0.7,XLY · RSPD,27.0,-0.7,contro,Ristoranti & tempo libero,tempo_libero,,,33,—,13
HLMA.L,Halma plc,3454.0,-29.2,44.0,3685.91,3669.92,2624.49,2438.31,2037.23–2297.65 ·100,2395.30–2590.61 ·35,2167.4386,,—,,False,{},,False,100,39,7/10,7,Industrials,industriale,↔️↓ 47 · Δ-1.3,XLI · RSPN,47.0,-1.3,contro,—,,,,39,—,11
ORA.PA,Orange S.A.,15.81,-13.5,49.0,16.12,8.78,8.67,8.19,8.46–9.26 ·100,6.76–7.46 ·44,8.8567,,—,,False,{},,False,60,39,—,0,Communication Services,comunicazioni,↔️↑ 47 · Δ-1.1,XLC · RSPC,47.0,-1.1,favore,Telecomunicazioni,telecom,,,43,—,51
SBUX,Starbucks Corporation,98.74,-11.4,25.0,104.24,85.47,70.82,52.18,88.05–94.66 ·100,83.65–88.79 ·76,91.355,,—,,False,{},3.9,False,40,39,—,0,Consumer Discretionary,consumi_disc,⚠️↓ 27 · Δ-0.7,XLY · RSPD,27.0,-0.7,contro,Ristoranti & tempo libero,tempo_libero,,,34,—,21
PHM,"PulteGroup, Inc.",118.26,-19.5,28.0,128.32,70.85,31.46,28.62,14.36–21.11 ·100,21.11–28.82 ·75,17.7358,,—,,False,{},5.7,False,60,39,9/10,9,Consumer Discretionary,consumi_disc,⚠️↓ 27 · Δ-0.7,XLY · RSPD,27.0,-0.7,contro,Costruzioni case,edilizia_casa,17.0,-0.3,34,—,15
AAF.L,Airtel Africa Plc,345.6,-17.7,59.0,336.69,266.18,183.23,171.04,102.30–126.93 ·100,348.59–359.54 ·33,114.6135,,—,,False,{},,False,80,39,7/10,7,Communication Services,comunicazioni,↔️↑ 47 · Δ-1.1,XLC · RSPC,47.0,-1.1,favore,Telecomunicazioni,telecom,,,38,—,1
INTC,Intel Corporation,102.94,-27.0,68.0,104.95,65.26,44.82,44.06,18.40–26.48 ·100,40.86–48.94 ·57,22.4424,,🟡 3/6,classico,False,{},2.9,False,80,39,9/10,9,Information Technology,tech,🚀↑ 78 · Δ+2,XLK · RSPT,78.0,2.2,favore,Semiconduttori & equipaggiamento,semiconduttori,42.0,-5.2,48,—,7
IEX,IDEX Corporation,224.21,-6.8,35.0,227.96,191.25,137.77,130.44,197.63–208.40 ·100,206.86–217.63 ·90,203.0128,,—,,False,{},2.9,False,80,39,—,0,Industrials,industriale,↔️↓ 47 · Δ-1.3,XLI · RSPN,47.0,-1.3,contro,Beni strumentali & macchinari,capital_goods,48.0,,40,—,22
JBHT,"J.B. Hunt Transport Services, Inc.",270.45,-9.2,46.0,276.5,218.18,169.68,115.78,155.34–166.70 ·100,164.81–174.27 ·92,161.0191,,—,,False,{},4.1,False,80,38,—,0,Industrials,industriale,↔️↓ 47 · Δ-1.3,XLI · RSPN,47.0,-1.3,contro,—,,,,40,—,31
ITW,Illinois Tool Works Inc.,268.16,-9.8,32.0,276.95,216.51,119.91,106.89,239.18–252.49 ·100,—,245.8318,,—,,False,{},3.1,False,80,38,—,0,Industrials,industriale,↔️↓ 47 · Δ-1.3,XLI · RSPN,47.0,-1.3,contro,Beni strumentali & macchinari,capital_goods,48.0,,37,—,2
WMT,Walmart Inc.,107.15,-20.0,60.0,110.55,93.72,62.94,39.75,40.53–47.98 ·100,47.98–52.11 ·35,44.2533,,—,,False,{},1.9,False,80,38,2/10,2,Consumer Staples,consumi_staples,↔️↓ 46 · Δ+0.2,XLP · RSPS,46.0,0.2,contro,Distribuzione & retail (tutti i formati),distribuzione,30.0,-1.9,39,—,15
GPC,Genuine Parts Company,133.68,-7.9,52.0,123.99,116.42,118.15,89.91,111.48–120.65 ·100,122.69–131.87 ·77,116.0658,Z4,—,,False,{},6.2,False,40,38,—,0,Consumer Discretionary,consumi_disc,⚠️↓ 27 · Δ-0.7,XLY · RSPD,27.0,-0.7,contro,Auto & componenti,auto_componenti,,,36,—,52
GRMN,Garmin Ltd.,282.67,-9.4,37.0,267.22,142.57,82.66,66.54,195.30–211.54 ·100,81.59–95.80 ·91,203.4189,,—,,False,{},1.9,False,100,38,—,0,Information Technology,tech,🚀↑ 78 · Δ+2,XLK · RSPT,78.0,2.2,favore,Hardware tecnologico,hardware,84.0,,46,—,0
HEI.DE,Heidelberg Materials AG,152.05,-35.1,41.0,166.48,79.41,58.82,55.6,47.30–59.25 ·100,59.25–71.21 ·64,53.2756,,—,,False,{},,False,80,38,7/10,7,Materials,materiali,↔️↓ 51 · Δ+1.1,XLB · RSPM,51.0,1.1,contro,—,,,,41,—,33
MRNA,"Moderna, Inc.",143.97,-17.4,49.0,120.78,72.69,133.27,117.16,18.02–40.70 ·100,37.46–56.90 ·53,29.3582,Z3,—,,False,{},12.0,False,60,38,—,0,Health Care,sanita,📈→ 66 · Δ+5,XLV · RSPH,66.0,5.0,misto,Biotecnologie,biotech,91.0,-1.3,46,—,31
SWK,"Stanley Black & Decker, Inc.",89.24,-13.4,24.0,93.43,85.92,92.53,86.02,72.63–80.63 ·100,68.06–72.63 ·52,76.6291,,—,,False,{},5.3,False,60,38,—,0,Industrials,industriale,↔️↓ 47 · Δ-1.3,XLI · RSPN,47.0,-1.3,contro,—,,,,39,—,18
SPG,"Simon Property Group, Inc.",204.83,-12.5,27.0,218.87,159.84,142.19,98.74,93.35–103.86 ·100,42.31–51.31 ·60,98.6028,,—,,False,{},0.0,False,80,38,—,0,Real Estate,immobiliare,↔️↓ 45 · Δ-1.9,XLRE · RSPR,45.0,-1.9,contro,REIT,REIT,46.0,,38,—,15
BMW.DE,Bayerische Motoren Werke Aktiengesellschaft,63.02,-31.6,70.0,59.59,63.98,55.83,50.86,57.50–61.66 ·100,49.17–50.36 ·23,59.5783,,—,,False,{},,False,20,38,8/10,8,Consumer Discretionary,consumi_disc,⚠️↓ 27 · Δ-0.7,XLY · RSPD,27.0,-0.7,contro,Auto & componenti,auto_componenti,,,33,—,16
EME,"EMCOR Group, Inc.",780.66,-17.2,51.0,784.86,658.42,590.18,326.07,37.43–93.78 ·100,100.04–125.08 ·43,65.603,,—,,False,{},2.1,False,100,38,8/10,8,Industrials,industriale,↔️↓ 47 · Δ-1.3,XLI · RSPN,47.0,-1.3,contro,—,,,,38,—,12
D,"Dominion Energy, Inc.",64.36,-9.3,37.0,67.85,59.36,55.11,54.81,49.74–53.29 ·100,56.45–60.01 ·100,51.5144,,—,,False,{},3.1,False,40,38,—,0,Utilities,utilities,🔻↓ 23 · Δ-0.8,XLU · RSPU,23.0,-0.8,contro,"Utility regolate (elettrico, gas, acqua)",utility_regolate,,,31,—,9
AXP,American Express Company,324.69,-15.0,33.0,339.97,277.4,206.86,187.31,145.66–163.25 ·100,82.84–97.92 ·70,154.4543,,—,,False,{},2.0,False,60,38,7/10,7,Financials,finanziario,🚀↑ 83 · Δ-0.6,XLF · RSPF,83.0,-0.6,favore,"Mercati capitali (broker, AM, exchanges)",mercati_capitali,67.0,,48,—,1
MU,"Micron Technology, Inc.",975.26,-19.6,51.0,969.18,488.47,224.5,92.7,27.53–102.67 ·100,2.49–27.53 ·18,65.1026,,—,,False,{},2.6,False,100,38,—,0,Information Technology,tech,🚀↑ 78 · Δ+2,XLK · RSPT,78.0,2.2,favore,Semiconduttori & equipaggiamento,semiconduttori,42.0,-5.2,49,—,33
RSG,"Republic Services, Inc.",222.74,-12.5,54.0,216.57,205.95,168.34,155.78,209.48–220.91 ·100,119.68–129.48 ·55,215.1943,,—,,False,{},2.2,False,80,38,—,0,Industrials,industriale,↔️↓ 47 · Δ-1.3,XLI · RSPN,47.0,-1.3,contro,Beni strumentali & macchinari,capital_goods,48.0,,38,—,9
SGRO.L,SEGRO Plc,927.0,-7.0,29.0,926.08,853.82,876.58,877.66,687.62–733.06 ·100,860.27–905.70 ·71,710.3403,,—,,False,{},,False,80,38,—,0,Real Estate,immobiliare,↔️↓ 45 · Δ-1.9,XLRE · RSPR,45.0,-1.9,contro,REIT,REIT,46.0,,36,—,0
ASML,ASML Holding N.V.,1698.3,-14.5,41.0,1764.86,1002.74,928.07,807.81,634.68–753.75 ·100,65.78–105.47 ·16,694.2112,,—,,False,{},0.4,False,100,38,—,0,Information Technology,tech,🚀↑ 78 · Δ+2,XLK · RSPT,78.0,2.2,favore,Semiconduttori & equipaggiamento,semiconduttori,42.0,-5.2,47,—,8
CRM,"Salesforce, Inc.",247.72,-31.8,71.0,193.21,228.2,218.44,150.36,175.71–194.81 ·100,240.18–249.73 ·44,185.2627,Z2,—,,False,{},4.1,False,80,38,5/10,5,Information Technology,tech,🚀↑ 78 · Δ+2,XLK · RSPT,78.0,2.2,favore,Software & servizi IT,software,88.0,6.7,47,—,14
CBRE,"CBRE Group, Inc.",140.51,-18.1,34.0,142.54,97.49,54.72,47.23,82.57–90.60 ·100,—,86.5857,,—,,False,{},1.7,False,60,38,6/10,6,Real Estate,immobiliare,↔️↓ 45 · Δ-1.9,XLRE · RSPR,45.0,-1.9,contro,REIT,REIT,46.0,,37,—,11
WTW,Willis Towers Watson Public Limited Company,315.61,-10.0,31.0,306.08,289.89,285.04,235.44,186.50–203.42 ·100,216.12–228.81 ·81,194.9624,,—,,False,{},3.0,False,100,38,—,0,Financials,finanziario,🚀↑ 83 · Δ-0.6,XLF · RSPF,83.0,-0.6,favore,Assicurazioni,assicurazioni,64.0,,49,—,6
FCIT.L,F&C Investment Trust Ord,338.2,-3.8,47.0,340.7,271.87,254.87,233.37,201.46–245.02 ·100,279.86–323.42 ·74,223.2405,Z4,—,,False,{},,False,0,38,—,0,—,,—,—,,,nd,—,,,,38,—,5
BKNG,Booking Holdings Inc.,173.92,-24.4,20.0,188.21,115.98,66.45,57.61,65.00–78.71 ·100,45.20–51.29 ·29,71.8561,,🟡 2/6,classico,False,{},2.7,False,60,37,8/10,8,⚠️ Consumer Discretionary,consumi_disc,⚠️↓ 27 · Δ-0.7,XLY · RSPD,27.0,-0.7,contro,—,,,,32,—,25
DD,"DuPont de Nemours, Inc.",126.99,-16.8,21.0,137.7,84.33,83.26,72.94,82.33–90.30 ·100,89.30–95.28 ·70,86.3156,,—,,False,{},4.1,False,80,37,8/10,8,Materials,materiali,↔️↓ 51 · Δ+1.1,XLB · RSPM,51.0,1.1,contro,Chimica,chimica,,,42,—,50
NWS,News Corporation,32.71,-7.1,30.0,31.15,26.62,24.01,20.23,28.88–30.39 ·100,30.76–32.46 ·94,29.6349,,—,,False,{},10.2,False,80,37,—,0,Communication Services,comunicazioni,↔️↑ 47 · Δ-1.1,XLC · RSPC,47.0,-1.1,favore,Media & intrattenimento,media_intratten,,,37,—,13
DRI,"Darden Restaurants, Inc.",209.89,-7.8,37.0,208.59,129.46,120.37,72.49,125.25–136.86 ·100,—,131.0523,,—,,False,{},7.9,False,80,37,—,0,Consumer Discretionary,consumi_disc,⚠️↓ 27 · Δ-0.7,XLY · RSPD,27.0,-0.7,contro,Ristoranti & tempo libero,tempo_libero,,,34,—,37
ULTA,"Ulta Beauty, Inc.",546.78,-22.6,59.0,502.65,391.97,330.27,252.89,359.52–397.43 ·100,392.69–421.13 ·65,378.4747,,—,,False,{},5.2,False,100,37,8/10,8,Consumer Discretionary,consumi_disc,⚠️↓ 27 · Δ-0.7,XLY · RSPD,27.0,-0.7,contro,Distribuzione & retail (tutti i formati),distribuzione,30.0,-1.9,34,—,45
EL,The Estée Lauder Companies Inc.,97.12,-18.0,40.0,89.9,84.96,85.48,135.71,80.32–91.62 ·100,66.76–78.06 ·62,85.9713,,—,,False,{},3.2,False,40,37,6/10,6,Consumer Staples,consumi_staples,↔️↓ 46 · Δ+0.2,XLP · RSPS,46.0,0.2,contro,"Casa, toeletta & bellezza",prodotti_persona,,,41,—,54
BT-A.L,BT Group plc,206.1,-13.9,51.0,197.39,149.44,152.86,150.59,134.27–150.18 ·100,178.81–194.71 ·93,142.2264,,—,,False,{},,False,40,37,—,0,Communication Services,comunicazioni,↔️↑ 47 · Δ-1.1,XLC · RSPC,47.0,-1.1,favore,Telecomunicazioni,telecom,,,38,—,25
PCAR,PACCAR Inc,122.73,-11.0,23.0,126.7,103.58,75.17,46.46,45.27–52.27 ·100,94.26–100.38 ·91,48.7688,,—,,False,{},2.8,False,80,37,—,0,Industrials,industriale,↔️↓ 47 · Δ-1.3,XLI · RSPN,47.0,-1.3,contro,Beni strumentali & macchinari,capital_goods,48.0,,37,—,9
BAYN.DE,Bayer Aktiengesellschaft,49.86,-6.6,60.0,47.95,34.46,40.14,52.19,25.25–28.76 ·100,46.30–49.22 ·52,27.0065,Z3,—,,False,{},,False,40,37,—,0,Health Care,sanita,📈→ 66 · Δ+5,XLV · RSPH,66.0,5.0,misto,Farmaceutici,farmaci,60.0,10.4,42,—,1
ML.PA,Compagnie Générale des Établissements Michelin Société en commandite par actions,33.11,-5.9,32.0,34.43,21.82,20.53,19.54,29.20–30.72 ·100,30.50–32.02 ·95,29.9574,,—,,False,{},,False,0,36,—,0,—,,—,—,,,nd,—,,,,37,—,11
HOOD,"Robinhood Markets, Inc.",112.57,-26.2,54.0,104.22,93.9,79.23,69.84,7.79–13.67 ·100,39.16–45.04 ·51,10.7313,,—,,False,{},4.5,False,60,36,6/10,6,Financials,finanziario,🚀↑ 83 · Δ-0.6,XLF · RSPF,83.0,-0.6,favore,"Mercati capitali (broker, AM, exchanges)",mercati_capitali,67.0,,46,—,3
PEG,Public Service Enterprise Group Incorporated,72.39,-18.3,54.0,76.96,75.51,62.07,46.81,76.45–80.04 ·100,53.34–56.94 ·58,78.2475,,—,,False,{},2.4,False,40,36,8/10,8,Utilities,utilities,🔻↓ 23 · Δ-0.8,XLU · RSPU,23.0,-0.8,contro,"Utility regolate (elettrico, gas, acqua)",utility_regolate,,,29,—,10
OXY,Occidental Petroleum Corporation,61.46,-6.4,53.0,55.38,51.09,45.54,39.02,53.98–57.42 ·100,56.99–60.43 ·97,55.6988,,—,,False,{},0.0,False,80,36,—,0,Energy,energia,🚀↑ 90 · Δ-1.8,XLE · RSPG,90.0,-1.8,favore,"Petrolio & gas (E&P, integrati, servizi)",gas_e_p,94.0,5.5,50,—,17
HWM,Howmet Aerospace Inc.,229.61,-21.5,28.0,267.04,213.95,147.92,79.67,10.61–26.68 ·100,26.68–40.75 ·68,18.6431,,—,,False,{},2.1,False,100,36,—,0,Industrials,industriale,↔️↓ 47 · Δ-1.3,XLI · RSPN,47.0,-1.3,contro,Aerospazio & difesa,aero_difesa,17.0,-6.3,37,—,15
MTX.DE,MTU Aero Engines AG,332.5,-16.3,38.0,358.26,341.24,210.83,129.0,172.72–193.40 ·100,190.81–208.91 ·74,183.0567,,—,,False,{},,False,100,36,6/10,6,Industrials,industriale,↔️↓ 47 · Δ-1.3,XLI · RSPN,47.0,-1.3,contro,Aerospazio & difesa,aero_difesa,17.0,-6.3,37,—,17
MTLN.L,Metlen Energy & Metals PLC,47.0,-14.4,41.0,45.46,39.12,,,39.50–40.57 ·100,34.37–35.43 ·97,40.036,,—,,False,{},,False,60,36,4/10,4,Utilities,utilities,🔻↓ 23 · Δ-0.8,XLU · RSPU,23.0,-0.8,contro,"Utility regolate (elettrico, gas, acqua)",utility_regolate,,,31,—,28
F,Ford Motor Company,13.97,-19.0,43.0,14.05,10.08,8.95,8.57,9.17–10.15 ·100,10.64–11.62 ·61,9.662,,—,,False,{},0.0,False,0,36,—,0,Consumer Discretionary,consumi_disc,⚠️↓ 27 · Δ-0.7,XLY · RSPD,27.0,-0.7,contro,Auto & componenti,auto_componenti,,,33,—,41
DOC,"Healthpeak Properties, Inc.",20.3,-10.6,23.0,21.28,18.81,18.85,18.85,16.02–17.25 ·100,18.78–19.54 ·40,16.6367,,—,,False,{},4.6,False,60,36,—,0,Real Estate,immobiliare,↔️↓ 45 · Δ-1.9,XLRE · RSPR,45.0,-1.9,contro,REIT,REIT,46.0,,34,—,5
LLY,Eli Lilly and Company,1115.7,-12.9,2.0,1177.12,961.41,776.39,572.64,17.02–85.05 ·100,93.56–153.09 ·89,51.0366,,—,,False,{},0.9,False,80,36,—,0,Health Care,sanita,📈→ 66 · Δ+5,XLV · RSPH,66.0,5.0,misto,Farmaceutici,farmaci,60.0,10.4,42,—,10
TT,Trane Technologies plc,442.52,-11.9,41.0,467.79,374.86,246.95,91.97,161.88–181.84 ·100,32.08–45.39 ·99,171.8598,,—,,False,{},1.4,False,100,35,—,0,Industrials,industriale,↔️↓ 47 · Δ-1.3,XLI · RSPN,47.0,-1.3,contro,Beni strumentali & macchinari,capital_goods,48.0,,34,—,0
GOOG,Alphabet Inc.,335.45,-15.8,44.0,345.33,270.78,147.26,97.95,126.07–144.60 ·100,9.62–20.21 ·90,135.3358,,—,,False,{},,False,100,35,8/10,8,Communication Services,comunicazioni,↔️↑ 47 · Δ-1.1,XLC · RSPC,47.0,-1.1,favore,Software & servizi IT,software,88.0,6.7,35,—,9
IRM,Iron Mountain Incorporated,115.18,-13.4,36.0,122.61,110.88,64.13,43.39,18.12–24.97 ·100,94.40–100.40 ·36,21.5444,,—,,False,{},2.9,False,40,35,—,0,Real Estate,immobiliare,↔️↓ 45 · Δ-1.9,XLRE · RSPR,45.0,-1.9,contro,REIT,REIT,46.0,,33,—,1
BKR,Baker Hughes Company,59.06,-14.6,33.0,59.15,39.53,33.33,31.86,30.91–34.65 ·100,26.35–30.08 ·90,32.7792,,—,,False,{},3.1,False,80,35,7/10,7,Energy,energia,🚀↑ 90 · Δ-1.8,XLE · RSPG,90.0,-1.8,favore,"Petrolio & gas (E&P, integrati, servizi)",gas_e_p,94.0,5.5,51,—,43
HCA,"HCA Healthcare, Inc.",426.94,-21.4,48.0,399.67,258.43,168.51,127.51,59.61–81.29 ·100,308.90–330.58 ·64,70.4496,,🟡 2/6,classico,False,{},4.4,False,60,35,7/10,7,Health Care,sanita,📈→ 66 · Δ+5,XLV · RSPH,66.0,5.0,misto,"Servizi sanitari (payer, ospedali)",servizi_sanita,91.0,,40,—,2
IGG.L,IG Group Holdings plc,1344.0,-30.6,47.0,1536.93,1477.08,904.31,726.93,745.21–841.10 ·100,649.32–757.19 ·100,793.1524,,🟡 2/6,classico,False,{},,False,60,35,5/10,5,Financials,finanziario,🚀↑ 83 · Δ-0.6,XLF · RSPF,83.0,-0.6,favore,"Mercati capitali (broker, AM, exchanges)",mercati_capitali,67.0,,47,—,18
AFL,Aflac Incorporated,115.28,-10.6,47.0,119.85,73.18,66.99,38.87,103.52–109.40 ·100,22.02–24.54 ·34,106.4624,,—,,False,{},2.8,False,80,35,—,0,Financials,finanziario,🚀↑ 83 · Δ-0.6,XLF · RSPF,83.0,-0.6,favore,Assicurazioni,assicurazioni,64.0,,45,—,0
IBM,International Business Machines Corporation,243.29,-25.6,57.0,235.45,240.96,168.85,161.07,104.43–119.72 ·100,91.04–106.34 ·100,112.0753,,🟢 5/6,classico,False,{},2.6,False,80,35,6/10,6,Information Technology,tech,🚀↑ 78 · Δ+2,XLK · RSPT,78.0,2.2,favore,Software & servizi IT,software,88.0,6.7,44,—,11
NEE,"NextEra Energy, Inc.",82.31,-14.7,45.0,85.83,74.45,70.15,68.43,65.72–69.36 ·100,69.36–70.58 ·32,67.5418,,—,,False,{},0.0,False,40,35,—,0,Utilities,utilities,🔻↓ 23 · Δ-0.8,XLU · RSPU,23.0,-0.8,contro,"Utility regolate (elettrico, gas, acqua)",utility_regolate,,,30,—,30
TSLA,"Tesla, Inc.",365.44,-25.4,51.0,362.42,271.25,227.52,125.48,7.64–27.55 ·100,230.00–256.55 ·64,17.593,,🟡 2/6,classico,False,{},2.1,False,60,35,9/10,9,⚠️ Consumer Discretionary,consumi_disc,⚠️↓ 27 · Δ-0.7,XLY · RSPD,27.0,-0.7,contro,Auto & componenti,auto_componenti,,,28,—,0
ECL,Ecolab Inc.,276.18,-9.9,42.0,277.99,249.09,209.37,204.07,254.67–271.68 ·100,245.21–254.67 ·43,263.1755,,—,,False,{},1.9,False,80,35,—,0,Materials,materiali,↔️↓ 51 · Δ+1.1,XLB · RSPM,51.0,1.1,contro,Chimica,chimica,,,37,—,18
RTX,RTX Corporation,197.68,-12.3,22.0,204.8,172.36,104.62,95.35,73.26–84.50 ·100,83.10–94.34 ·84,78.88,,—,,False,{},0.9,False,80,35,—,0,Industrials,industriale,↔️↓ 47 · Δ-1.3,XLI · RSPN,47.0,-1.3,contro,Aerospazio & difesa,aero_difesa,17.0,-6.3,35,—,12
SRE,Sempra,83.34,-15.9,52.0,88.32,84.46,74.7,69.07,67.99–73.38 ·100,63.80–68.59 ·92,70.6889,,—,,False,{},1.8,False,40,35,8/10,8,Utilities,utilities,🔻↓ 23 · Δ-0.8,XLU · RSPU,23.0,-0.8,contro,"Utility regolate (elettrico, gas, acqua)",utility_regolate,,,30,—,29
KIM,Kimco Realty Corporation,23.19,-11.1,37.0,24.51,18.42,17.28,13.53,18.93–20.04 ·100,16.10–17.20 ·69,19.4854,,—,,False,{},5.8,False,80,35,—,0,Real Estate,immobiliare,↔️↓ 45 · Δ-1.9,XLRE · RSPR,45.0,-1.9,contro,REIT,REIT,46.0,,34,—,8
MAR,"Marriott International, Inc.",334.69,-16.7,30.0,361.87,174.8,159.31,109.34,145.74–161.77 ·100,121.71–137.73 ·95,153.7554,,—,,False,{},3.0,False,60,35,7/10,7,Consumer Discretionary,consumi_disc,⚠️↓ 27 · Δ-0.7,XLY · RSPD,27.0,-0.7,contro,Ristoranti & tempo libero,tempo_libero,,,31,—,27
ITRK.L,Intertek Group plc,5855.0,-0.1,60.0,5825.01,5440.09,4922.27,4951.59,5754.10–5925.47 ·100,4640.21–4854.42 ·81,5839.7829,Z1,—,,False,{},,False,80,35,—,0,Industrials,industriale,↔️↓ 47 · Δ-1.3,XLI · RSPN,47.0,-1.3,contro,—,,,,34,—,0
SVT.L,Severn Trent PLC,2948.0,-10.1,28.0,3018.32,2985.3,2667.61,2686.76,2406.25–2559.30 ·100,2674.09–2808.00 ·80,2482.7731,,—,,False,{},,False,60,34,—,0,Utilities,utilities,🔻↓ 23 · Δ-0.8,XLU · RSPU,23.0,-0.8,contro,"Utility regolate (elettrico, gas, acqua)",utility_regolate,,,27,—,10
ROK,"Rockwell Automation, Inc.",428.39,-13.2,43.0,454.56,371.41,277.37,170.18,247.58–276.59 ·100,276.59–289.49 ·32,262.0839,,—,,False,{},3.8,False,80,34,—,0,Industrials,industriale,↔️↓ 47 · Δ-1.3,XLI · RSPN,47.0,-1.3,contro,Beni strumentali & macchinari,capital_goods,48.0,,35,—,18
LYV,"Live Nation Entertainment, Inc.",170.15,-9.7,30.0,179.31,143.16,126.04,100.38,84.65–94.61 ·100,79.67–85.90 ·50,89.634,,—,,False,{},15.3,False,60,34,—,0,Communication Services,comunicazioni,↔️↑ 47 · Δ-1.1,XLC · RSPC,47.0,-1.1,favore,Media & intrattenimento,media_intratten,,,35,—,18
GOOGL,Alphabet Inc.,338.5,-15.8,44.0,347.15,352.02,270.44,154.54,156.75–178.14 ·100,127.34–143.38 ·78,167.447,,—,,False,{},1.3,False,100,34,5/10,5,Communication Services,comunicazioni,↔️↑ 47 · Δ-1.1,XLC · RSPC,47.0,-1.1,favore,Software & servizi IT,software,88.0,6.7,34,—,9
TXN,Texas Instruments Incorporated,268.7,-18.7,54.0,284.98,243.17,214.1,170.69,148.96–168.38 ·100,174.85–194.26 ·78,158.6673,,—,,False,{},2.6,False,100,34,8/10,8,Information Technology,tech,🚀↑ 78 · Δ+2,XLK · RSPT,78.0,2.2,favore,Semiconduttori & equipaggiamento,semiconduttori,42.0,-5.2,43,—,14
ETN,Eaton Corporation plc,425.37,-7.5,53.0,412.82,359.28,328.21,232.06,47.11–75.21 ·100,—,61.162,,—,,False,{},1.9,False,80,34,—,0,Industrials,industriale,↔️↓ 47 · Δ-1.3,XLI · RSPN,47.0,-1.3,contro,Beni strumentali & macchinari,capital_goods,48.0,,33,—,0
GSK.L,GSK plc,1860.0,-18.0,45.0,1926.94,1880.58,1588.6,1584.33,1354.90–1460.69 ·100,1448.94–1519.47 ·60,1407.7972,,—,,False,{},,False,80,34,—,0,Health Care,sanita,📈→ 66 · Δ+5,XLV · RSPH,66.0,5.0,misto,Farmaceutici,farmaci,60.0,10.4,41,—,18
DDOG,"Datadog, Inc.",221.21,-23.2,42.0,244.92,195.18,126.2,119.32,121.24–135.39 ·100,105.33–115.94 ·61,128.3146,,—,,False,{},3.5,False,60,34,8/10,8,Information Technology,tech,🚀↑ 78 · Δ+2,XLK · RSPT,78.0,2.2,favore,Software & servizi IT,software,88.0,6.7,46,—,44
AIR.PA,Airbus SE,195.42,-9.6,38.0,202.33,122.37,76.95,60.82,97.73–108.99 ·100,83.67–92.11 ·66,103.3608,,—,,False,{},,False,100,34,—,0,Industrials,industriale,↔️↓ 47 · Δ-1.3,XLI · RSPN,47.0,-1.3,contro,Aerospazio & difesa,aero_difesa,17.0,-6.3,34,—,9
PNW,Pinnacle West Capital Corporation,96.1,-11.3,40.0,102.56,80.08,72.55,64.92,82.97–87.61 ·100,61.75–65.07 ·61,85.2936,,—,,False,{},10.4,False,40,34,—,0,Utilities,utilities,🔻↓ 23 · Δ-0.8,XLU · RSPU,23.0,-0.8,contro,"Utility regolate (elettrico, gas, acqua)",utility_regolate,,,27,—,7
FANG,"Diamondback Energy, Inc.",204.97,-3.0,41.0,192.66,137.93,122.58,110.28,129.15–138.75 ·100,184.00–192.22 ·68,133.9532,,—,,False,{},4.2,False,80,34,—,0,Energy,energia,🚀↑ 90 · Δ-1.8,XLE · RSPG,90.0,-1.8,favore,"Petrolio & gas (E&P, integrati, servizi)",gas_e_p,94.0,5.5,49,—,33
ABDN.L,Aberdeen Group Plc,247.1,-5.3,52.0,245.79,206.19,181.67,200.71,144.80–162.04 ·100,199.95–213.74 ·64,153.4212,Z4,—,,False,{},,False,80,34,—,0,Financials,finanziario,🚀↑ 83 · Δ-0.6,XLF · RSPF,83.0,-0.6,favore,"Mercati capitali (broker, AM, exchanges)",mercati_capitali,67.0,,44,—,2
AEP,"American Electric Power Company, Inc.",123.33,-10.4,63.0,129.53,87.36,71.77,58.33,68.19–74.13 ·100,73.28–78.38 ·81,71.1606,,—,,False,{},4.5,False,40,33,—,0,Utilities,utilities,🔻↓ 23 · Δ-0.8,XLU · RSPU,23.0,-0.8,contro,"Utility regolate (elettrico, gas, acqua)",utility_regolate,,,28,—,28
PH,Parker-Hannifin Corporation,950.23,-11.3,37.0,986.09,825.76,420.87,193.17,250.45–315.07 ·100,121.20–185.83 ·96,282.7622,,—,,False,{},1.1,False,100,33,—,0,Industrials,industriale,↔️↓ 47 · Δ-1.3,XLI · RSPN,47.0,-1.3,contro,Beni strumentali & macchinari,capital_goods,48.0,,32,—,4
FRT,Federal Realty Investment Trust,114.36,-10.0,36.0,120.91,96.5,93.94,80.33,88.48–93.53 ·100,93.53–97.15 ·51,91.0062,,—,,False,{},0.0,False,60,33,—,0,Real Estate,immobiliare,↔️↓ 45 · Δ-1.9,XLRE · RSPR,45.0,-1.9,contro,REIT,REIT,46.0,,33,—,20
STLD,"Steel Dynamics, Inc.",239.79,-15.0,64.0,242.19,118.74,91.78,42.56,19.16–34.31 ·100,117.64–132.79 ·78,26.7395,,—,,False,{},3.4,False,100,33,5/10,5,Materials,materiali,↔️↓ 51 · Δ+1.1,XLB · RSPM,51.0,1.1,contro,Metalli & miniere,metalli_minere,58.0,,34,—,7
SAP.DE,SAP SE,186.04,-31.9,49.0,159.31,134.3,127.85,87.2,85.41–99.16 ·100,78.53–87.13 ·59,92.2843,,🟡 2/6,classico,False,{},,False,100,33,8/10,8,Information Technology,tech,🚀↑ 78 · Δ+2,XLK · RSPT,78.0,2.2,favore,Software & servizi IT,software,88.0,6.7,43,—,25
SNA,Snap-on Incorporated,375.44,-9.9,24.0,398.51,234.73,150.45,140.95,116.76–135.73 ·100,317.39–336.36 ·56,126.245,,—,,False,{},7.6,False,100,33,—,0,Industrials,industriale,↔️↓ 47 · Δ-1.3,XLI · RSPN,47.0,-1.3,contro,—,,,,33,—,7
A,"Agilent Technologies, Inc.",146.93,-7.6,32.0,141.04,124.72,67.34,61.27,128.01–134.64 ·100,133.54–140.17 ·91,131.3274,,—,,False,{},2.3,False,100,33,—,0,Health Care,sanita,📈→ 66 · Δ+5,XLV · RSPH,66.0,5.0,misto,Biotecnologie,biotech,91.0,-1.3,41,—,34
CPAY,"Corpay, Inc.",408.22,-4.0,42.0,374.46,269.33,268.5,200.99,252.75–274.25 ·100,276.94–293.07 ·77,263.5001,,—,,False,{},4.3,False,80,33,—,0,Information Technology,tech,🚀↑ 78 · Δ+2,XLK · RSPT,78.0,2.2,favore,Software & servizi IT,software,88.0,6.7,46,—,49
BATS.L,British American Tobacco p.l.c.,4255.0,-14.2,54.0,4401.19,3094.22,3251.68,3384.1,2605.66–2898.57 ·100,2312.75–2459.21 ·50,2752.1166,,—,,False,{},,False,80,33,8/10,8,Consumer Staples,consumi_staples,↔️↓ 46 · Δ+0.2,XLP · RSPS,46.0,0.2,contro,"Cibo, bevande & tabacco",cibo_bevande,,,33,—,13
BBY,"Best Buy Co., Inc.",90.8,-3.7,59.0,82.97,72.81,60.22,44.47,62.40–66.67 ·100,65.95–69.51 ·79,64.5329,,—,,False,{},8.0,False,60,33,—,0,Consumer Discretionary,consumi_disc,⚠️↓ 27 · Δ-0.7,XLY · RSPD,27.0,-0.7,contro,Distribuzione & retail (tutti i formati),distribuzione,30.0,-1.9,30,—,42
DTE.DE,Deutsche Telekom AG,29.1,-13.7,50.0,27.05,20.04,18.75,14.47,10.85–12.46 ·100,10.25–11.05 ·46,11.6544,,—,,False,{},,False,80,32,—,0,Communication Services,comunicazioni,↔️↑ 47 · Δ-1.1,XLC · RSPC,47.0,-1.1,favore,Telecomunicazioni,telecom,,,32,—,13
INF.L,Informa plc,900.8,-9.3,50.0,894.86,693.1,667.44,635.6,791.45–835.30 ·100,775.01–796.93 ·39,813.3739,,—,,False,{},,False,80,32,—,0,Communication Services,comunicazioni,↔️↑ 47 · Δ-1.1,XLC · RSPC,47.0,-1.1,favore,Media & intrattenimento,media_intratten,,,33,—,15
BIIB,Biogen Inc.,217.15,-3.3,50.0,206.79,237.09,267.18,265.32,132.36–149.90 ·100,179.12–196.66 ·100,141.1275,Z5,—,,False,{},4.3,False,80,32,—,0,Health Care,sanita,📈→ 66 · Δ+5,XLV · RSPH,66.0,5.0,misto,Farmaceutici,farmaci,60.0,10.4,37,—,0
CCEP.L,Coca-Cola Europacific Partners PLC,7750.0,-8.2,37.0,7908.6,6832.72,6774.67,6701.62,6560.00–6871.37 ·100,6832.45–7065.98 ·71,6715.6834,,—,,False,{},,False,80,32,—,0,Consumer Staples,consumi_staples,↔️↓ 46 · Δ+0.2,XLP · RSPS,46.0,0.2,contro,"Cibo, bevande & tabacco",cibo_bevande,,,38,—,69
META,"Meta Platforms, Inc.",648.03,-17.7,84.0,596.58,428.58,338.15,197.95,151.95–198.52 ·100,110.55–126.07 ·28,175.235,,—,,False,{},1.3,False,100,32,4/10,4,Communication Services,comunicazioni,↔️↑ 47 · Δ-1.1,XLC · RSPC,47.0,-1.1,favore,Software & servizi IT,software,88.0,6.7,33,—,16
SCHW,The Charles Schwab Corporation,107.25,-5.6,36.0,102.11,72.7,66.34,57.47,91.96–96.20 ·100,60.94–65.17 ·86,94.0799,,—,,False,{},0.0,False,60,32,—,0,Financials,finanziario,🚀↑ 83 · Δ-0.6,XLF · RSPF,83.0,-0.6,favore,"Mercati capitali (broker, AM, exchanges)",mercati_capitali,67.0,,42,—,0
SAF.PA,Safran SA,321.6,-11.6,36.0,339.83,290.88,152.84,81.43,94.17–115.86 ·100,53.20–62.84 ·27,105.0166,,—,,False,{},,False,100,32,—,0,Industrials,industriale,↔️↓ 47 · Δ-1.3,XLI · RSPN,47.0,-1.3,contro,Aerospazio & difesa,aero_difesa,17.0,-6.3,31,—,5
LLOY.L,Lloyds Banking Group plc,109.8,-6.2,44.0,112.39,54.23,58.45,57.23,40.92–44.87 ·100,50.79–56.05 ·84,42.8975,,—,,False,{},,False,40,32,—,0,Financials,finanziario,🚀↑ 83 · Δ-0.6,XLF · RSPF,83.0,-0.6,favore,Banche,banche,60.0,,42,—,5
BARC.L,Barclays PLC,481.32,-9.2,41.0,509.48,228.53,216.96,203.55,139.15–168.83 ·100,201.82–224.90 ·36,153.9914,,—,,False,{},,False,40,32,—,0,Financials,finanziario,🚀↑ 83 · Δ-0.6,XLF · RSPF,83.0,-0.6,favore,Banche,banche,60.0,,42,—,5
MNST,Monster Beverage Corporation,43.4,-13.1,23.0,47.16,27.16,19.13,13.18,23.95–26.90 ·100,21.65–23.95 ·52,25.4213,,—,,False,{},3.1,False,100,32,—,0,Consumer Staples,consumi_staples,↔️↓ 46 · Δ+0.2,XLP · RSPS,46.0,0.2,contro,"Cibo, bevande & tabacco",cibo_bevande,,,33,—,25
DVA,DaVita Inc.,181.55,-24.7,63.0,207.01,171.3,140.5,104.63,67.49–81.11 ·100,135.56–144.64 ·61,74.3011,,—,,False,{},14.4,False,80,32,8/10,8,Health Care,sanita,📈→ 66 · Δ+5,XLV · RSPH,66.0,5.0,misto,"Servizi sanitari (payer, ospedali)",servizi_sanita,91.0,,37,—,0
CBOE,"Cboe Global Markets, Inc.",281.04,-23.0,36.0,275.22,169.44,127.08,109.08,102.90–124.12 ·100,81.67–98.18 ·68,113.5093,,—,,False,{},3.0,False,100,32,9/10,9,Financials,finanziario,🚀↑ 83 · Δ-0.6,XLF · RSPF,83.0,-0.6,favore,"Mercati capitali (broker, AM, exchanges)",mercati_capitali,67.0,,46,—,35
CME,CME Group Inc.,275.54,-12.7,53.0,250.84,206.21,199.18,141.94,255.78–269.90 ·100,177.09–193.23 ·89,262.8375,,—,,False,{},1.8,False,100,32,—,0,Financials,finanziario,🚀↑ 83 · Δ-0.6,XLF · RSPF,83.0,-0.6,favore,"Mercati capitali (broker, AM, exchanges)",mercati_capitali,67.0,,42,—,0
DLR,"Digital Realty Trust, Inc.",188.58,-6.9,47.0,186.36,149.8,132.88,97.95,167.20–173.69 ·100,91.84–95.74 ·61,170.4434,,—,,False,{},0.0,False,80,32,—,0,Real Estate,immobiliare,↔️↓ 45 · Δ-1.9,XLRE · RSPR,45.0,-1.9,contro,REIT,REIT,46.0,,30,—,5
ANTO.L,Antofagasta plc,3555.0,-20.2,32.0,3783.04,3072.19,1243.72,1100.95,753.08–1001.15 ·100,1607.57–1800.51 ·53,877.1141,,—,,False,{},,False,100,32,9/10,9,Materials,materiali,↔️↓ 51 · Δ+1.1,XLB · RSPM,51.0,1.1,contro,Metalli & miniere,metalli_minere,58.0,,34,—,17
CVNA,Carvana Co.,69.16,-27.7,48.0,67.47,17.9,17.38,17.0,0.71–6.51 ·100,6.51–10.38 ·36,3.61,,—,,False,{},12.3,False,60,32,8/10,8,Consumer Discretionary,consumi_disc,⚠️↓ 27 · Δ-0.7,XLY · RSPD,27.0,-0.7,contro,—,,,,27,—,24
EDEN.PA,Edenred SE,28.88,-13.0,40.0,26.46,22.3,32.51,28.1,16.26–18.11 ·100,17.80–19.04 ·57,17.185,,—,,False,{},,False,60,31,—,0,Financials,finanziario,🚀↑ 83 · Δ-0.6,XLF · RSPF,83.0,-0.6,favore,"Mercati capitali (broker, AM, exchanges)",mercati_capitali,67.0,,42,—,13
VRTX,Vertex Pharmaceuticals Incorporated,515.44,-7.6,29.0,500.73,231.86,212.29,193.42,453.39–481.88 ·100,207.61–218.29 ·33,467.6363,,—,,False,{},2.1,False,100,31,—,0,Health Care,sanita,📈→ 66 · Δ+5,XLV · RSPH,66.0,5.0,misto,Biotecnologie,biotech,91.0,-1.3,36,—,0
SDR.L,Schroders plc,585.83,-0.6,85.0,585.8,465.84,482.94,439.92,574.42–593.00 ·100,373.70–392.28 ·55,583.7087,Z1,—,,False,{},,False,100,31,—,0,Financials,finanziario,🚀↑ 83 · Δ-0.6,XLF · RSPF,83.0,-0.6,favore,"Mercati capitali (broker, AM, exchanges)",mercati_capitali,67.0,,41,—,0
FITB,Fifth Third Bancorp,54.72,-7.8,49.0,56.14,42.03,33.27,20.98,20.24–23.38 ·100,39.87–43.01 ·95,21.8121,,—,,False,{},0.0,False,40,31,—,0,Financials,finanziario,🚀↑ 83 · Δ-0.6,XLF · RSPF,83.0,-0.6,favore,Banche,banche,60.0,,42,—,10
WSM,"Williams-Sonoma, Inc.",226.23,-10.1,34.0,231.76,181.63,93.26,39.82,17.34–32.50 ·100,51.03–64.51 ·57,24.9175,,—,,False,{},4.7,False,100,31,—,0,Consumer Discretionary,consumi_disc,⚠️↓ 27 · Δ-0.7,XLY · RSPD,27.0,-0.7,contro,Distribuzione & retail (tutti i formati),distribuzione,30.0,-1.9,25,—,9
EXPE,"Expedia Group, Inc.",280.83,-17.1,33.0,287.1,250.87,142.27,111.9,99.30–119.30 ·100,85.97–101.52 ·68,109.3022,,—,,False,{},5.6,False,80,31,9/10,9,Consumer Discretionary,consumi_disc,⚠️↓ 27 · Δ-0.7,XLY · RSPD,27.0,-0.7,contro,—,,,,28,—,35
AMD,"Advanced Micro Devices, Inc.",516.13,-11.2,63.0,506.41,393.67,98.6,83.36,91.02–122.12 ·100,75.47–94.91 ·58,106.5716,,—,,False,{},2.6,False,80,31,—,0,Information Technology,tech,🚀↑ 78 · Δ+2,XLK · RSPT,78.0,2.2,favore,Semiconduttori & equipaggiamento,semiconduttori,42.0,-5.2,43,—,42
AMZN,"Amazon.com, Inc.",256.78,-9.6,48.0,249.89,159.68,131.94,76.63,84.03–101.12 ·100,152.39–167.58 ·78,92.574,,—,,False,{},0.9,False,100,31,—,0,Consumer Discretionary,consumi_disc,⚠️↓ 27 · Δ-0.7,XLY · RSPD,27.0,-0.7,contro,Distribuzione & retail (tutti i formati),distribuzione,30.0,-1.9,24,—,4
AEE,Ameren Corporation,104.9,-10.7,47.0,109.72,95.54,80.07,53.48,69.51–74.53 ·100,63.79–68.08 ·92,72.0208,,—,,False,{},5.1,False,20,31,—,0,Utilities,utilities,🔻↓ 23 · Δ-0.8,XLU · RSPU,23.0,-0.8,contro,"Utility regolate (elettrico, gas, acqua)",utility_regolate,,,24,—,6
HLT,Hilton Worldwide Holdings Inc.,306.19,-12.5,27.0,327.16,165.55,118.56,108.94,133.75–153.33 ·100,68.48–83.71 ·78,143.5379,,—,,False,{},2.6,False,60,31,—,0,Consumer Discretionary,consumi_disc,⚠️↓ 27 · Δ-0.7,XLY · RSPD,27.0,-0.7,contro,Ristoranti & tempo libero,tempo_libero,,,25,—,11
VTRS,Viatris Inc.,16.51,-6.9,54.0,16.52,12.09,13.18,18.57,7.54–9.37 ·100,9.37–11.20 ·91,8.458,Z3,—,,False,{},3.4,False,80,31,—,0,Health Care,sanita,📈→ 66 · Δ+5,XLV · RSPH,66.0,5.0,misto,Farmaceutici,farmaci,60.0,10.4,36,—,3
ABNB,"Airbnb, Inc.",170.19,-10.7,31.0,164.55,136.1,132.82,134.78,125.16–133.44 ·100,118.72–125.16 ·64,129.3003,,—,,False,{},3.4,False,100,30,—,0,Consumer Discretionary,consumi_disc,⚠️↓ 27 · Δ-0.7,XLY · RSPD,27.0,-0.7,contro,—,,,,29,—,55
PLD,"Prologis, Inc.",135.75,-9.5,33.0,141.79,109.6,89.98,72.79,105.93–111.85 ·100,100.99–105.93 ·71,108.8905,,—,,False,{},2.1,False,80,30,—,0,Real Estate,immobiliare,↔️↓ 45 · Δ-1.9,XLRE · RSPR,45.0,-1.9,contro,REIT,REIT,46.0,,32,—,36
WAB,Westinghouse Air Brake Technologies Corporation,283.22,-7.3,31.0,283.53,127.56,111.44,97.54,63.94–81.68 ·100,81.68–95.47 ·64,72.811,,—,,False,{},2.5,False,80,30,—,0,Industrials,industriale,↔️↓ 47 · Δ-1.3,XLI · RSPN,47.0,-1.3,contro,Trasporti,trasporti,46.0,,30,—,11
ADI,"Analog Devices, Inc.",378.78,-14.7,56.0,383.43,296.42,195.34,181.45,213.76–239.72 ·100,144.52–167.60 ·92,226.7418,,—,,False,{},2.0,False,80,30,—,0,Information Technology,tech,🚀↑ 78 · Δ+2,XLK · RSPT,78.0,2.2,favore,Semiconduttori & equipaggiamento,semiconduttori,42.0,-5.2,39,—,9
HNR1.DE,Hannover Rück SE,254.8,-5.8,53.0,250.28,172.36,123.13,95.95,230.03–242.61 ·100,240.81–251.60 ·85,236.3184,,—,,False,{},,False,80,30,—,0,Financials,finanziario,🚀↑ 83 · Δ-0.6,XLF · RSPF,83.0,-0.6,favore,Assicurazioni,assicurazioni,64.0,,41,—,9
VTR,"Ventas, Inc.",89.99,-10.5,32.0,91.16,70.06,52.06,49.21,38.76–43.64 ·100,43.03–47.91 ·94,41.2041,,—,,False,{},4.6,False,80,30,—,0,Real Estate,immobiliare,↔️↓ 45 · Δ-1.9,XLRE · RSPR,45.0,-1.9,contro,REIT,REIT,46.0,,29,—,11
HAS,"Hasbro, Inc.",91.54,-11.6,43.0,87.58,79.21,64.79,65.01,51.55–57.10 ·100,71.91–77.46 ·90,54.3273,,—,,False,{},5.8,False,80,30,—,0,Consumer Discretionary,consumi_disc,⚠️↓ 27 · Δ-0.7,XLY · RSPD,27.0,-0.7,contro,Ristoranti & tempo libero,tempo_libero,,,23,—,3
BEZ.L,Beazley plc,1304.0,0.0,70.0,1291.45,1212.28,832.69,729.63,1264.80–1305.50 ·100,523.98–564.68 ·39,1285.1479,Z1,—,,False,{},,False,40,30,—,0,Financials,finanziario,🚀↑ 83 · Δ-0.6,XLF · RSPF,83.0,-0.6,favore,Assicurazioni,assicurazioni,64.0,,40,—,0
JCI,Johnson Controls International plc,146.01,-5.7,56.0,144.63,118.88,69.47,53.6,28.73–36.82 ·100,58.03–66.12 ·86,32.7735,,—,,False,{},2.1,False,80,30,—,0,Industrials,industriale,↔️↓ 47 · Δ-1.3,XLI · RSPN,47.0,-1.3,contro,Beni strumentali & macchinari,capital_goods,48.0,,29,—,1
INVP.L,Investec Group,656.5,-3.7,60.0,639.33,546.72,449.98,399.2,613.07–643.76 ·100,352.26–359.93 ·21,628.4135,,—,,False,{},,False,40,30,—,0,Financials,finanziario,🚀↑ 83 · Δ-0.6,XLF · RSPF,83.0,-0.6,favore,"Mercati capitali (broker, AM, exchanges)",mercati_capitali,67.0,,40,—,3
AMGN,Amgen Inc.,377.35,-15.0,19.0,386.85,346.58,247.47,152.17,196.82–219.06 ·100,246.86–269.10 ·81,207.9369,,—,,False,{},2.4,False,80,30,6/10,6,Health Care,sanita,📈→ 66 · Δ+5,XLV · RSPH,66.0,5.0,misto,Farmaceutici,farmaci,60.0,10.4,36,—,8
MMM,3M Company,164.97,-9.8,19.0,169.65,125.81,111.84,113.74,142.62–149.17 ·100,80.42–86.97 ·94,145.8983,,—,,False,{},1.8,False,80,30,—,0,Industrials,industriale,↔️↓ 47 · Δ-1.3,XLI · RSPN,47.0,-1.3,contro,—,,,,29,—,2
MUV2.DE,Münchener Rückversicherungs-Gesellschaft Aktiengesellschaft in München,509.6,-12.2,43.0,507.98,395.69,295.2,158.42,181.41–207.03 ·100,122.87–141.16 ·56,194.221,,—,,False,{},,False,100,30,—,0,Financials,finanziario,🚀↑ 83 · Δ-0.6,XLF · RSPF,83.0,-0.6,favore,Assicurazioni,assicurazioni,64.0,,40,—,3
L,Loews Corporation,108.79,-8.8,45.0,112.82,71.47,62.72,48.34,45.29–50.89 ·100,52.99–58.60 ·97,48.0892,,—,,False,{},3.1,False,80,30,—,0,Financials,finanziario,🚀↑ 83 · Δ-0.6,XLF · RSPF,83.0,-0.6,favore,Assicurazioni,assicurazioni,64.0,,42,—,17
SMIN.L,Smiths Group plc,2520.0,-8.2,35.0,2599.7,2386.39,1763.56,1661.16,1543.79–1670.46 ·100,1487.49–1543.79 ·38,1607.1259,,—,,False,{},,False,40,30,—,0,Industrials,industriale,↔️↓ 47 · Δ-1.3,XLI · RSPN,47.0,-1.3,contro,Beni strumentali & macchinari,capital_goods,48.0,,31,—,20
SYF,Synchrony Financial,75.99,-13.0,38.0,76.09,69.8,39.79,37.5,26.36–30.49 ·100,31.52–34.61 ·50,28.4252,,—,,False,{},7.3,False,60,30,—,0,Financials,finanziario,🚀↑ 83 · Δ-0.6,XLF · RSPF,83.0,-0.6,favore,"Mercati capitali (broker, AM, exchanges)",mercati_capitali,67.0,,41,—,12
EBAY,eBay Inc.,107.75,-8.9,57.0,107.97,89.59,56.29,26.07,29.73–36.63 ·100,38.93–44.29 ·96,33.1798,,—,,False,{},4.1,False,80,30,—,0,Consumer Discretionary,consumi_disc,⚠️↓ 27 · Δ-0.7,XLY · RSPD,27.0,-0.7,contro,Distribuzione & retail (tutti i formati),distribuzione,30.0,-1.9,24,—,13
CON.DE,Continental Aktiengesellschaft,68.9,-9.3,48.0,71.14,48.37,49.66,61.12,40.01–45.61 ·100,59.23–64.83 ·62,42.8122,,—,,False,{},,False,40,30,—,0,Consumer Discretionary,consumi_disc,⚠️↓ 27 · Δ-0.7,XLY · RSPD,27.0,-0.7,contro,Auto & componenti,auto_componenti,,,24,—,9
EG,"Everest Group, Ltd.",371.71,-6.3,54.0,365.64,342.17,305.8,262.74,327.15–348.67 ·100,348.67–370.20 ·72,337.9086,,—,,False,{},5.5,False,60,30,—,0,Financials,finanziario,🚀↑ 83 · Δ-0.6,XLF · RSPF,83.0,-0.6,favore,Assicurazioni,assicurazioni,64.0,,44,—,35
CVS,CVS Health Corporation,94.66,-13.9,56.0,100.35,93.36,72.26,68.59,58.46–62.86 ·100,51.55–55.95 ·84,60.6639,,—,,False,{},1.4,False,60,30,—,0,Health Care,sanita,📈→ 66 · Δ+5,XLV · RSPH,66.0,5.0,misto,"Servizi sanitari (payer, ospedali)",servizi_sanita,91.0,,36,—,10
FRE.DE,Fresenius SE & Co. KGaA,45.63,-10.0,47.0,43.74,42.79,31.85,31.91,22.83–25.23 ·100,31.22–33.61 ·92,24.0317,,—,,False,{},,False,80,30,—,0,Health Care,sanita,📈→ 66 · Δ+5,XLV · RSPH,66.0,5.0,misto,"Servizi sanitari (payer, ospedali)",servizi_sanita,91.0,,35,—,1
J,Jacobs Solutions Inc.,141.85,-12.8,30.0,135.08,108.75,81.19,61.6,120.66–128.33 ·100,110.12–117.79 ·85,124.495,,—,,False,{},3.3,False,40,29,—,0,Industrials,industriale,↔️↓ 47 · Δ-1.3,XLI · RSPN,47.0,-1.3,contro,—,,,,29,—,7
CCH.L,Coca-Cola HBC AG,4612.0,-10.8,50.0,4751.33,4244.81,2724.29,2569.75,2567.88–2816.76 ·100,2374.30–2540.22 ·73,2692.3191,,—,,False,{},,False,80,29,—,0,Consumer Staples,consumi_staples,↔️↓ 46 · Δ+0.2,XLP · RSPS,46.0,0.2,contro,"Cibo, bevande & tabacco",cibo_bevande,,,31,—,33
RJF,"Raymond James Financial, Inc.",173.46,-4.3,47.0,168.26,151.82,67.01,63.88,153.20–160.28 ·100,43.33–51.60 ·72,156.7395,,—,,False,{},4.6,False,80,29,—,0,Financials,finanziario,🚀↑ 83 · Δ-0.6,XLF · RSPF,83.0,-0.6,favore,"Mercati capitali (broker, AM, exchanges)",mercati_capitali,67.0,,41,—,18
EMR,Emerson Electric Co.,152.19,-7.1,42.0,149.1,134.39,95.65,91.94,85.46–91.48 ·100,81.44–86.46 ·89,88.4708,,—,,False,{},1.6,False,80,29,—,0,Industrials,industriale,↔️↓ 47 · Δ-1.3,XLI · RSPN,47.0,-1.3,contro,Beni strumentali & macchinari,capital_goods,48.0,,31,—,32
BRK-B,Berkshire Hathaway Inc.,510.37,-5.5,77.0,501.98,352.68,257.84,214.89,492.35–508.92 ·100,482.40–495.66 ·85,500.6325,,—,,False,{},1.0,False,80,29,—,0,Financials,finanziario,🚀↑ 83 · Δ-0.6,XLF · RSPF,83.0,-0.6,favore,Assicurazioni,assicurazioni,64.0,,40,—,10
FOX,Fox Corporation,58.45,-12.8,42.0,51.12,53.76,48.18,36.72,26.16–29.16 ·100,50.49–52.82 ·60,27.6636,,—,,False,{},7.7,False,80,29,—,0,Communication Services,comunicazioni,↔️↑ 47 · Δ-1.1,XLC · RSPC,47.0,-1.1,favore,Media & intrattenimento,media_intratten,,,28,—,1
RIO.L,Rio Tinto Group,7146.0,-14.0,24.0,7172.6,5328.02,4412.67,3911.51,4626.64–5107.48 ·100,5214.33–5428.04 ·33,4867.0624,,—,,False,{},,False,100,29,8/10,8,Materials,materiali,↔️↓ 51 · Δ+1.1,XLB · RSPM,51.0,1.1,contro,—,,,,31,—,24
MTB,M&T Bank Corporation,239.83,-5.0,52.0,240.99,156.21,151.49,143.53,129.53–139.01 ·100,121.64–131.11 ·97,134.2727,,—,,False,{},4.5,False,40,29,—,0,Financials,finanziario,🚀↑ 83 · Δ-0.6,XLF · RSPF,83.0,-0.6,favore,Banche,banche,60.0,,41,—,22
NTAP,"NetApp, Inc.",199.28,-3.8,56.0,175.58,139.54,123.31,115.02,23.73–33.07 ·100,57.07–63.73 ·66,28.4005,,—,,False,{},5.5,False,80,29,—,0,Information Technology,tech,🚀↑ 78 · Δ+2,XLK · RSPT,78.0,2.2,favore,Software & servizi IT,software,88.0,6.7,37,—,5
SYY,Sysco Corporation,83.21,-7.4,45.0,82.57,72.65,67.59,52.74,68.98–73.72 ·100,66.35–69.51 ·52,71.3505,,—,,False,{},2.9,False,60,29,—,0,Consumer Staples,consumi_staples,↔️↓ 46 · Δ+0.2,XLP · RSPS,46.0,0.2,contro,Distribuzione & retail (tutti i formati),distribuzione,30.0,-1.9,32,—,38
TFC,Truist Financial Corporation,50.4,-6.9,50.0,50.71,40.14,37.43,32.61,37.74–40.28 ·100,41.87–43.78 ·86,39.0092,,—,,False,{},2.1,False,40,29,—,0,Financials,finanziario,🚀↑ 83 · Δ-0.6,XLF · RSPF,83.0,-0.6,favore,Banche,banche,60.0,,42,—,32
CCEP,Coca-Cola Europacific Partners PLC,102.77,-8.0,35.0,105.76,68.49,64.35,35.5,86.40–92.30 ·100,44.39–47.34 ·33,89.3475,,—,,False,{},7.0,False,80,29,—,0,Consumer Staples,consumi_staples,↔️↓ 46 · Δ+0.2,XLP · RSPS,46.0,0.2,contro,"Cibo, bevande & tabacco",cibo_bevande,,,28,—,0
NI,NiSource Inc.,41.41,-15.1,60.0,44.11,28.85,25.54,21.25,23.37–25.58 ·100,20.54–22.43 ·49,24.4741,,—,,False,{},3.9,False,40,29,—,0,Utilities,utilities,🔻↓ 23 · Δ-0.8,XLU · RSPU,23.0,-0.8,contro,"Utility regolate (elettrico, gas, acqua)",utility_regolate,,,23,—,16
MNG.L,M&G plc,331.5,-9.0,36.0,348.37,276.66,219.6,207.95,194.57–209.56 ·100,213.31–220.81 ·30,202.0644,,—,,False,{},,False,40,29,—,0,Financials,finanziario,🚀↑ 83 · Δ-0.6,XLF · RSPF,83.0,-0.6,favore,"Mercati capitali (broker, AM, exchanges)",mercati_capitali,67.0,,42,—,27
NWG.L,NatWest Group plc,687.6,-4.9,49.0,680.58,341.56,320.85,315.14,214.62–253.20 ·100,253.20–277.32 ·50,233.9101,,—,,False,{},,False,40,29,—,0,Financials,finanziario,🚀↑ 83 · Δ-0.6,XLF · RSPF,83.0,-0.6,favore,Banche,banche,60.0,,40,—,10
EOG,"EOG Resources, Inc.",147.36,-3.7,37.0,139.3,108.19,98.31,89.32,111.30–119.59 ·100,104.85–110.38 ·63,115.4424,,—,,False,{},3.1,False,100,29,—,0,Energy,energia,🚀↑ 90 · Δ-1.8,XLE · RSPG,90.0,-1.8,favore,"Petrolio & gas (E&P, integrati, servizi)",gas_e_p,94.0,5.5,43,—,22
ADP,"Automatic Data Processing, Inc.",268.26,-14.7,37.0,252.41,232.87,210.88,116.2,206.75–220.83 ·100,194.69–208.77 ·97,213.7945,,—,,False,{},3.0,False,100,28,9/10,9,Information Technology,tech,🚀↑ 78 · Δ+2,XLK · RSPT,78.0,2.2,favore,Software & servizi IT,software,88.0,6.7,39,—,32
PSON.L,Pearson plc,1193.0,-13.4,39.0,1217.41,902.46,832.52,905.64,949.85–1000.01 ·100,909.72–959.88 ·98,974.9269,,—,,False,{},,False,80,28,—,0,Communication Services,comunicazioni,↔️↑ 47 · Δ-1.1,XLC · RSPC,47.0,-1.1,favore,Media & intrattenimento,media_intratten,,,29,—,25
RF,Regions Financial Corporation,30.13,-6.1,50.0,30.35,19.03,11.11,9.56,17.20–18.22 ·100,6.15–6.97 ·72,17.7129,,—,,False,{},8.7,False,40,28,—,0,Financials,finanziario,🚀↑ 83 · Δ-0.6,XLF · RSPF,83.0,-0.6,favore,Banche,banche,60.0,,39,—,11
CNP,"CenterPoint Energy, Inc.",39.11,-12.6,54.0,41.91,27.37,24.85,21.24,25.45–27.96 ·100,24.62–25.73 ·38,26.7086,,—,,False,{},8.6,False,40,28,—,0,Utilities,utilities,🔻↓ 23 · Δ-0.8,XLU · RSPU,23.0,-0.8,contro,"Utility regolate (elettrico, gas, acqua)",utility_regolate,,,24,—,38
CSX,CSX Corporation,48.95,-7.8,29.0,49.56,31.6,16.0,15.27,30.68–33.78 ·100,33.44–36.20 ·60,32.2319,,—,,False,{},2.2,False,80,28,—,0,Industrials,industriale,↔️↓ 47 · Δ-1.3,XLI · RSPN,47.0,-1.3,contro,Trasporti,trasporti,46.0,,30,—,34
SSE.L,SSE plc,2320.0,-15.9,43.0,2408.25,2307.56,1776.24,1561.0,1561.45–1667.82 ·100,1786.01–1868.74 ·72,1614.638,,—,,False,{},,False,40,28,8/10,8,Utilities,utilities,🔻↓ 23 · Δ-0.8,XLU · RSPU,23.0,-0.8,contro,"Utility regolate (elettrico, gas, acqua)",utility_regolate,,,22,—,19
KEY,KeyCorp,21.84,-8.1,54.0,22.5,16.4,14.49,13.61,16.60–17.74 ·100,12.06–12.92 ·73,17.1723,,—,,False,{},0.0,False,40,28,—,0,Financials,finanziario,🚀↑ 83 · Δ-0.6,XLF · RSPF,83.0,-0.6,favore,Banche,banche,60.0,,40,—,15
LGEN.L,Legal & General Group Plc,291.3,-7.9,54.0,294.47,244.76,244.18,233.68,230.24–246.37 ·100,246.37–260.47 ·88,238.3055,,—,,False,{},,False,80,28,—,0,Financials,finanziario,🚀↑ 83 · Δ-0.6,XLF · RSPF,83.0,-0.6,favore,"Mercati capitali (broker, AM, exchanges)",mercati_capitali,67.0,,43,—,48
KEYS,"Keysight Technologies, Inc.",338.64,-9.3,67.0,330.9,267.87,175.79,148.97,148.47–169.71 ·100,129.60–141.39 ·30,159.0889,,—,,False,{},1.9,False,100,28,—,0,Information Technology,tech,🚀↑ 78 · Δ+2,XLK · RSPT,78.0,2.2,favore,Hardware tecnologico,hardware,84.0,,39,—,30
FOXA,Fox Corporation,65.94,-12.6,43.0,58.11,59.55,51.97,39.51,28.20–31.26 ·100,30.88–33.17 ·73,29.728,,—,,False,{},26.9,False,80,28,—,0,Communication Services,comunicazioni,↔️↑ 47 · Δ-1.1,XLC · RSPC,47.0,-1.1,favore,Media & intrattenimento,media_intratten,,,29,—,17
FDX,FedEx Corporation,311.99,-8.1,38.0,319.58,199.54,183.38,141.59,181.06–200.37 ·100,163.90–181.06 ·74,190.7144,,—,,False,{},2.0,False,60,28,—,0,Industrials,industriale,↔️↓ 47 · Δ-1.3,XLI · RSPN,47.0,-1.3,contro,—,,,,31,—,42
CB,Chubb Limited,338.25,-6.7,48.0,344.55,224.82,210.98,130.47,266.43–284.73 ·100,193.22–204.65 ·46,275.5796,,—,,False,{},0.9,False,80,28,—,0,Financials,finanziario,🚀↑ 83 · Δ-0.6,XLF · RSPF,83.0,-0.6,favore,Assicurazioni,assicurazioni,64.0,,38,—,0
TMO,Thermo Fisher Scientific Inc.,609.82,-4.4,39.0,557.93,513.32,507.15,231.4,507.08–545.15 ·100,545.15–583.22 ·85,526.1164,,—,,False,{},1.5,False,80,28,—,0,Health Care,sanita,📈→ 66 · Δ+5,XLV · RSPH,66.0,5.0,misto,Biotecnologie,biotech,91.0,-1.3,37,—,43
EDV.L,Endeavour Mining plc,4459.0,-15.7,35.0,4038.35,3323.28,2443.56,2441.19,1567.38–1821.53 ·100,1962.73–2047.45 ·22,1694.456,,—,,False,{},,False,100,28,7/10,7,Materials,materiali,↔️↓ 51 · Δ+1.1,XLB · RSPM,51.0,1.1,contro,Metalli & miniere,metalli_minere,58.0,,30,—,21
DUK,Duke Energy Corporation,119.42,-9.0,48.0,123.68,98.18,93.51,67.74,83.50–88.14 ·100,79.64–82.73 ·64,85.8222,,—,,False,{},2.4,False,40,28,—,0,Utilities,utilities,🔻↓ 23 · Δ-0.8,XLU · RSPU,23.0,-0.8,contro,"Utility regolate (elettrico, gas, acqua)",utility_regolate,,,21,—,11
CHRW,"C.H. Robinson Worldwide, Inc.",152.78,-26.7,74.0,168.6,150.34,129.57,102.2,78.06–89.11 ·100,89.11–96.47 ·63,83.5829,,🟡 4/6,classico,False,{},4.6,False,60,28,8/10,8,⚠️ Industrials,industriale,↔️↓ 47 · Δ-1.3,XLI · RSPN,47.0,-1.3,contro,—,,,,28,—,10
CFG,"Citizens Financial Group, Inc.",70.48,-5.7,53.0,70.68,54.4,35.61,31.93,23.17–27.05 ·100,29.63–32.65 ·70,25.1074,,—,,False,{},0.0,False,40,28,—,0,Financials,finanziario,🚀↑ 83 · Δ-0.6,XLF · RSPF,83.0,-0.6,favore,Banche,banche,60.0,,39,—,6
CS.PA,AXA SA,43.58,-4.4,46.0,44.07,24.7,22.48,14.58,12.36–14.68 ·100,15.54–16.99 ·45,13.518,,—,,False,{},,False,40,28,—,0,Financials,finanziario,🚀↑ 83 · Δ-0.6,XLF · RSPF,83.0,-0.6,favore,Assicurazioni,assicurazioni,64.0,,39,—,12
VOD.L,Vodafone Group Public Limited Company,130.3,0.0,85.0,115.38,97.42,97.15,146.78,67.57–75.39 ·100,110.57–118.39 ·57,71.4793,,—,,False,{},,False,20,28,—,0,Communication Services,comunicazioni,↔️↑ 47 · Δ-1.1,XLC · RSPC,47.0,-1.1,favore,Telecomunicazioni,telecom,,,27,—,0
CSCO,"Cisco Systems, Inc.",112.13,-13.4,54.0,115.01,55.84,53.39,31.73,41.74–49.02 ·100,36.08–41.74 ·45,45.3825,,—,,False,{},1.4,False,100,28,—,0,Information Technology,tech,🚀↑ 78 · Δ+2,XLK · RSPT,78.0,2.2,favore,Hardware tecnologico,hardware,84.0,,38,—,15
BG,Bunge Global SA,122.41,-6.3,65.0,113.17,103.63,83.09,70.89,78.31–84.17 ·100,85.64–91.51 ·94,81.2426,,—,,False,{},5.1,False,40,27,—,0,Consumer Staples,consumi_staples,↔️↓ 46 · Δ+0.2,XLP · RSPS,46.0,0.2,contro,"Cibo, bevande & tabacco",cibo_bevande,,,30,—,36
FAST,Fastenal Company,49.32,-5.8,38.0,48.07,29.87,16.35,15.05,22.43–25.14 ·100,7.18–9.21 ·97,23.7833,,—,,False,{},3.5,False,100,27,—,0,Industrials,industriale,↔️↓ 47 · Δ-1.3,XLI · RSPN,47.0,-1.3,contro,Distribuzione & retail (tutti i formati),distribuzione,30.0,-1.9,26,—,2
DTG.DE,Daimler Truck Holding AG,44.09,-11.1,31.0,44.89,38.27,37.05,35.65,33.71–35.04 ·100,25.53–26.41 ·74,34.3744,,—,,False,{},,False,40,27,—,0,Industrials,industriale,↔️↓ 47 · Δ-1.3,XLI · RSPN,47.0,-1.3,contro,Beni strumentali & macchinari,capital_goods,48.0,,28,—,16
GM,General Motors Company,85.62,-5.0,43.0,82.49,51.5,44.33,35.94,30.88–34.00 ·100,33.48–36.07 ·78,32.4372,,—,,False,{},2.5,False,40,27,—,0,Consumer Discretionary,consumi_disc,⚠️↓ 27 · Δ-0.7,XLY · RSPD,27.0,-0.7,contro,Auto & componenti,auto_componenti,,,23,—,26
KO,The Coca-Cola Company,88.29,-4.0,35.0,85.19,62.27,57.04,40.75,52.79–57.14 ·100,65.30–68.56 ·74,54.9646,,—,,False,{},0.9,False,80,27,—,0,Consumer Staples,consumi_staples,↔️↓ 46 · Δ+0.2,XLP · RSPS,46.0,0.2,contro,"Cibo, bevande & tabacco",cibo_bevande,,,27,—,12
MRVL,"Marvell Technology, Inc.",236.1,-25.4,50.0,244.34,204.25,132.02,91.79,58.98–78.48 ·100,76.31–87.15 ·40,68.7306,,🟡 2/6,classico,False,{},5.1,False,100,27,6/10,6,Information Technology,tech,🚀↑ 78 · Δ+2,XLK · RSPT,78.0,2.2,favore,Semiconduttori & equipaggiamento,semiconduttori,42.0,-5.2,38,—,29
AC.PA,Accor SA,45.51,-11.8,46.0,47.51,33.07,32.27,27.88,26.59–29.03 ·100,29.84–30.38 ·22,27.81,,—,,False,{},,False,40,27,—,0,Consumer Discretionary,consumi_disc,⚠️↓ 27 · Δ-0.7,XLY · RSPD,27.0,-0.7,contro,Ristoranti & tempo libero,tempo_libero,,,23,—,26
UU.L,United Utilities Group PLC,1332.0,-8.6,21.0,1364.49,1058.42,943.99,908.56,1003.95–1061.07 ·100,975.39–1003.95 ·37,1032.5127,,—,,False,{},,False,60,27,—,0,Utilities,utilities,🔻↓ 23 · Δ-0.8,XLU · RSPU,23.0,-0.8,contro,"Utility regolate (elettrico, gas, acqua)",utility_regolate,,,23,—,40
RR.L,Rolls-Royce Holdings plc,1423.6,-9.3,36.0,1458.81,567.51,447.13,373.33,65.61–138.01 ·100,127.67–169.04 ·30,101.8138,,—,,False,{},,False,80,27,—,0,Industrials,industriale,↔️↓ 47 · Δ-1.3,XLI · RSPN,47.0,-1.3,contro,Aerospazio & difesa,aero_difesa,17.0,-6.3,28,—,16
SU.PA,Schneider Electric S.E.,270.65,-13.0,36.0,283.62,226.02,162.12,84.38,46.64–64.62 ·100,222.42–236.40 ·69,55.6288,,—,,False,{},,False,100,27,—,0,Industrials,industriale,↔️↓ 47 · Δ-1.3,XLI · RSPN,47.0,-1.3,contro,Beni strumentali & macchinari,capital_goods,48.0,,26,—,2
AME,"AMETEK, Inc.",241.87,-6.4,53.0,241.03,152.72,140.98,93.79,172.32–184.06 ·100,158.91–170.65 ·75,178.1895,,—,,False,{},1.3,False,80,27,—,0,Industrials,industriale,↔️↓ 47 · Δ-1.3,XLI · RSPN,47.0,-1.3,contro,Beni strumentali & macchinari,capital_goods,48.0,,27,—,11
GS,"The Goldman Sachs Group, Inc.",1029.18,-10.2,48.0,1046.3,812.93,451.69,315.39,279.17–345.46 ·100,146.58–212.87 ·93,312.3126,,—,,False,{},2.4,False,60,27,—,0,Financials,finanziario,🚀↑ 83 · Δ-0.6,XLF · RSPF,83.0,-0.6,favore,"Mercati capitali (broker, AM, exchanges)",mercati_capitali,67.0,,39,—,17
ALW.L,Alliance Witan Ord,1346.15,-3.1,38.0,1349.8,1133.98,703.28,680.4,1239.01–1285.49 ·100,1184.79–1231.27 ·57,1262.2484,,—,,False,{},,False,0,27,—,0,—,,—,—,,,nd,—,,,,27,—,5
PLTR,Palantir Technologies Inc.,167.23,-19.3,41.0,145.77,76.15,69.69,61.83,12.64–22.05 ·100,20.70–27.42 ·72,17.344,,—,,False,{},3.0,False,100,27,9/10,9,Information Technology,tech,🚀↑ 78 · Δ+2,XLK · RSPT,78.0,2.2,favore,Software & servizi IT,software,88.0,6.7,37,—,21
BMY,Bristol-Myers Squibb Company,63.64,-6.5,29.0,61.36,50.2,50.3,45.4,43.05–46.64 ·100,54.62–57.41 ·51,44.8447,,—,,False,{},2.2,False,80,27,—,0,Health Care,sanita,📈→ 66 · Δ+5,XLV · RSPH,66.0,5.0,misto,Farmaceutici,farmaci,60.0,10.4,34,—,22
XOM,ExxonMobil Holdings Corporation,165.99,-1.9,52.0,150.46,98.17,87.76,80.49,101.41–110.49 ·100,48.91–55.98 ·67,105.9492,,—,,False,{},1.1,False,80,27,—,0,Energy,energia,🚀↑ 90 · Δ-1.8,XLE · RSPG,90.0,-1.8,favore,"Petrolio & gas (E&P, integrati, servizi)",gas_e_p,94.0,5.5,40,—,13
PCT.L,Polar Capital Technology Ord,627.95,-14.4,52.0,661.05,255.38,242.98,226.96,281.21–330.87 ·100,206.73–237.76 ·95,306.0415,,—,,False,{},,False,0,27,—,0,—,,—,—,,,nd,—,,,,28,—,12
PNC,"The PNC Financial Services Group, Inc.",244.24,-5.0,52.0,246.06,147.71,127.94,84.37,101.33–114.60 ·100,132.85–146.13 ·95,107.9631,,—,,False,{},1.8,False,40,27,—,0,Financials,finanziario,🚀↑ 83 · Δ-0.6,XLF · RSPF,83.0,-0.6,favore,Banche,banche,60.0,,37,—,5
SBRY.L,J Sainsbury plc,338.5,-5.8,54.0,338.96,317.41,283.01,256.98,255.68–271.09 ·100,269.38–277.95 ·46,263.3865,,—,,False,{},,False,40,26,—,0,Consumer Staples,consumi_staples,↔️↓ 46 · Δ+0.2,XLP · RSPS,46.0,0.2,contro,"Cibo, bevande & tabacco",cibo_bevande,,,27,—,25
NDAQ,"Nasdaq, Inc.",91.19,-8.8,28.0,89.49,87.25,70.44,63.68,52.66–56.51 ·100,5.20–6.48 ·36,54.5843,,—,,False,{},1.6,False,100,26,—,0,Financials,finanziario,🚀↑ 83 · Δ-0.6,XLF · RSPF,83.0,-0.6,favore,"Mercati capitali (broker, AM, exchanges)",mercati_capitali,67.0,,36,—,2
NSC,Norfolk Southern Corporation,320.27,-9.3,14.0,331.1,283.38,231.82,217.71,230.48–246.32 ·100,216.91–232.75 ·88,238.4023,,—,,False,{},2.6,False,80,26,—,0,Industrials,industriale,↔️↓ 47 · Δ-1.3,XLI · RSPN,47.0,-1.3,contro,Trasporti,trasporti,46.0,,28,—,27
GWW,"W.W. Grainger, Inc.",1280.0,-8.5,43.0,1335.27,702.48,485.92,331.62,145.81–218.98 ·100,228.13–292.15 ·71,182.3962,,—,,False,{},2.6,False,100,26,—,0,Industrials,industriale,↔️↓ 47 · Δ-1.3,XLI · RSPN,47.0,-1.3,contro,Distribuzione & retail (tutti i formati),distribuzione,30.0,-1.9,26,—,7
SIE.DE,Siemens Aktiengesellschaft,258.75,-10.7,32.0,275.36,234.12,201.04,138.57,67.49–83.90 ·100,116.71–131.29 ·65,75.6968,,—,,False,{},,False,80,26,—,0,Industrials,industriale,↔️↓ 47 · Δ-1.3,XLI · RSPN,47.0,-1.3,contro,Beni strumentali & macchinari,capital_goods,48.0,,25,—,1
KMI,"Kinder Morgan, Inc.",30.86,-9.2,49.0,31.79,18.3,17.43,15.22,13.93–15.62 ·100,25.33–27.01 ·67,14.7743,,—,,False,{},2.5,False,80,26,—,0,Energy,energia,🚀↑ 90 · Δ-1.8,XLE · RSPG,90.0,-1.8,favore,—,,,,40,—,19
LR.PA,Legrand SA,133.1,-15.5,50.0,138.7,130.47,91.07,68.76,86.90–95.27 ·100,81.68–87.95 ·69,91.0862,,—,,False,{},,False,80,26,—,0,Industrials,industriale,↔️↓ 47 · Δ-1.3,XLI · RSPN,47.0,-1.3,contro,Beni strumentali & macchinari,capital_goods,48.0,,29,—,35
FE,FirstEnergy Corp.,46.13,-9.3,52.0,47.38,37.99,34.68,29.96,32.49–34.14 ·100,35.08–36.49 ·96,33.3128,,—,,False,{},6.7,False,40,26,—,0,Utilities,utilities,🔻↓ 23 · Δ-0.8,XLU · RSPU,23.0,-0.8,contro,"Utility regolate (elettrico, gas, acqua)",utility_regolate,,,20,—,17
AI.PA,L'Air Liquide S.A.,167.5,-7.1,50.0,172.36,141.12,118.57,84.17,150.30–158.01 ·100,144.79–151.40 ·83,154.1577,,—,,False,{},,False,80,26,—,0,Materials,materiali,↔️↓ 51 · Δ+1.1,XLB · RSPM,51.0,1.1,contro,Chimica,chimica,,,27,—,13
LH,Labcorp Holdings Inc.,311.54,-8.0,25.0,300.51,210.28,196.27,173.66,202.54–218.45 ·100,190.60–200.55 ·63,210.4952,,—,,False,{},2.6,False,80,25,—,0,Health Care,sanita,📈→ 66 · Δ+5,XLV · RSPH,66.0,5.0,misto,Biotecnologie,biotech,91.0,-1.3,36,—,55
GL,Globe Life Inc.,171.17,-8.0,50.0,177.41,107.84,102.73,71.0,101.29–111.18 ·100,76.56–83.98 ·98,106.2334,,—,,False,{},0.1,False,100,25,—,0,Financials,finanziario,🚀↑ 83 · Δ-0.6,XLF · RSPF,83.0,-0.6,favore,Assicurazioni,assicurazioni,64.0,,39,—,41
USB,U.S. Bancorp,62.84,-3.9,56.0,62.21,45.17,39.87,33.68,35.86–39.54 ·100,39.94–42.80 ·63,37.6986,,—,,False,{},0.0,False,40,25,—,0,Financials,finanziario,🚀↑ 83 · Δ-0.6,XLF · RSPF,83.0,-0.6,favore,Banche,banche,60.0,,37,—,16
EOAN.DE,E.ON SE,17.28,-12.3,46.0,18.36,15.41,12.47,7.51,6.33–7.28 ·100,7.38–8.12 ·52,6.8045,,—,,False,{},,False,20,25,—,0,Utilities,utilities,🔻↓ 23 · Δ-0.8,XLU · RSPU,23.0,-0.8,contro,"Utility regolate (elettrico, gas, acqua)",utility_regolate,,,18,—,11
UNP,Union Pacific Corporation,284.4,-8.0,14.0,288.98,206.47,125.1,106.3,211.48–229.67 ·100,183.20–201.38 ·47,220.5765,,—,,False,{},5.2,False,80,25,—,0,Industrials,industriale,↔️↓ 47 · Δ-1.3,XLI · RSPN,47.0,-1.3,contro,Trasporti,trasporti,46.0,,25,—,14
AAL.L,Anglo American plc,3823.0,-11.2,36.0,3872.69,2730.54,2631.67,1958.37,2083.34–2270.73 ·100,2239.50–2395.65 ·80,2177.0346,,—,,False,{},,False,80,25,—,0,Materials,materiali,↔️↓ 51 · Δ+1.1,XLB · RSPM,51.0,1.1,contro,—,,,,29,—,35
MS,Morgan Stanley,214.38,-5.7,50.0,216.49,95.14,87.14,64.95,70.55–83.92 ·100,30.45–43.82 ·93,77.2372,,—,,False,{},0.0,False,60,25,—,0,Financials,finanziario,🚀↑ 83 · Δ-0.6,XLF · RSPF,83.0,-0.6,favore,"Mercati capitali (broker, AM, exchanges)",mercati_capitali,67.0,,37,—,16
DVN,Devon Energy Corporation,50.23,-2.8,57.0,44.58,38.63,35.51,31.65,41.42–45.26 ·100,45.26–47.83 ·58,43.3421,,—,,False,{},2.6,False,80,25,—,0,Energy,energia,🚀↑ 90 · Δ-1.8,XLE · RSPG,90.0,-1.8,favore,"Petrolio & gas (E&P, integrati, servizi)",gas_e_p,94.0,5.5,38,—,14
PRU,"Prudential Financial, Inc.",119.24,-3.6,49.0,116.59,82.03,74.89,61.13,94.86–102.11 ·100,81.17–85.20 ·39,98.4832,,—,,False,{},4.5,False,40,25,—,0,Financials,finanziario,🚀↑ 83 · Δ-0.6,XLF · RSPF,83.0,-0.6,favore,Assicurazioni,assicurazioni,64.0,,35,—,2
PFE,Pfizer Inc.,27.72,-4.5,45.0,25.54,24.02,28.03,27.77,22.57–24.55 ·100,24.84–26.25 ·52,23.5633,,—,,False,{},2.7,False,80,25,—,0,Health Care,sanita,📈→ 66 · Δ+5,XLV · RSPH,66.0,5.0,misto,Farmaceutici,farmaci,60.0,10.4,33,—,30
AV.L,Aviva plc,711.4,-3.5,38.0,694.38,629.81,474.52,439.19,381.51–419.51 ·100,470.19–499.75 ·63,400.5092,,—,,False,{},,False,40,25,—,0,Financials,finanziario,🚀↑ 83 · Δ-0.6,XLF · RSPF,83.0,-0.6,favore,Assicurazioni,assicurazioni,64.0,,35,—,4
PUB.PA,Publicis Groupe S.A.,100.6,-3.4,42.0,93.33,84.32,74.22,56.41,40.91–46.60 ·100,85.22–89.02 ·60,43.7551,,—,,False,{},,False,100,25,—,0,Communication Services,comunicazioni,↔️↑ 47 · Δ-1.1,XLC · RSPC,47.0,-1.1,favore,Media & intrattenimento,media_intratten,,,24,—,1
PANW,"Palo Alto Networks, Inc.",330.65,-16.5,41.0,339.92,249.52,122.21,69.85,19.59–43.13 ·100,79.76–95.45 ·63,31.3632,,—,,False,{},2.7,False,60,25,5/10,5,Information Technology,tech,🚀↑ 78 · Δ+2,XLK · RSPT,78.0,2.2,favore,Software & servizi IT,software,88.0,6.7,34,—,13
EVRG,"Evergy, Inc.",81.62,-6.6,54.0,83.55,56.32,49.83,45.82,47.11–51.40 ·100,42.81–47.11 ·90,49.2525,,—,,False,{},9.4,False,40,24,—,0,Utilities,utilities,🔻↓ 23 · Δ-0.8,XLU · RSPU,23.0,-0.8,contro,"Utility regolate (elettrico, gas, acqua)",utility_regolate,,,19,—,27
WELL,Welltower Inc.,235.62,-6.2,42.0,232.36,104.68,87.92,74.73,67.03–79.94 ·100,42.82–54.11 ·65,73.4815,,—,,False,{},2.9,False,80,24,—,0,Real Estate,immobiliare,↔️↓ 45 · Δ-1.9,XLRE · RSPR,45.0,-1.9,contro,REIT,REIT,46.0,,24,—,20
EQIX,"Equinix, Inc.",1037.72,-6.6,42.0,1048.85,966.74,744.7,404.7,726.84–792.14 ·100,639.77–668.79 ·24,759.4894,,—,,False,{},1.9,False,60,24,—,0,Real Estate,immobiliare,↔️↓ 45 · Δ-1.9,XLRE · RSPR,45.0,-1.9,contro,REIT,REIT,46.0,,24,—,22
RVTY,"Revvity, Inc.",124.31,-5.1,49.0,115.78,108.53,119.07,83.33,87.50–96.41 ·100,107.87–119.33 ·96,91.9577,,—,,False,{},8.5,False,80,24,—,0,Health Care,sanita,📈→ 66 · Δ+5,XLV · RSPH,66.0,5.0,misto,Biotecnologie,biotech,91.0,-1.3,30,—,11
G1A.DE,GEA Group Aktiengesellschaft,63.35,-6.4,29.0,62.96,39.02,32.55,29.71,33.44–36.40 ·100,30.06–32.59 ·97,34.9196,,—,,False,{},,False,100,24,—,0,Industrials,industriale,↔️↓ 47 · Δ-1.3,XLI · RSPN,47.0,-1.3,contro,Beni strumentali & macchinari,capital_goods,48.0,,25,—,15
AMP,"Ameriprise Financial, Inc.",557.61,-2.3,51.0,515.49,319.26,149.27,129.52,110.76–137.04 ·100,91.98–114.51 ·86,123.8961,,—,,False,{},4.2,False,100,24,—,0,Financials,finanziario,🚀↑ 83 · Δ-0.6,XLF · RSPF,83.0,-0.6,favore,"Mercati capitali (broker, AM, exchanges)",mercati_capitali,67.0,,37,—,30
ALL,The Allstate Corporation,253.71,-7.4,51.0,250.56,180.17,136.87,79.92,98.12–110.58 ·100,108.80–117.70 ·68,104.3492,,—,,False,{},0.0,False,100,24,—,0,Financials,finanziario,🚀↑ 83 · Δ-0.6,XLF · RSPF,83.0,-0.6,favore,Assicurazioni,assicurazioni,64.0,,36,—,15
NUE,Nucor Corporation,259.43,-5.6,69.0,248.1,146.28,118.23,87.43,43.09–53.55 ·100,131.98–144.17 ·96,48.3232,,—,,False,{},2.4,False,80,24,—,0,Materials,materiali,↔️↓ 51 · Δ+1.1,XLB · RSPM,51.0,1.1,contro,Metalli & miniere,metalli_minere,58.0,,24,—,3
ETR,Entergy Corporation,105.33,-9.7,53.0,110.35,63.53,60.22,46.18,42.75–48.94 ·100,77.84–81.97 ·31,45.8466,,—,,False,{},5.0,False,40,24,—,0,Utilities,utilities,🔻↓ 23 · Δ-0.8,XLU · RSPU,23.0,-0.8,contro,"Utility regolate (elettrico, gas, acqua)",utility_regolate,,,18,—,15
COR,"Cencora, Inc.",321.57,-13.7,54.0,307.01,225.57,198.03,159.63,55.65–75.17 ·100,221.59–238.67 ·57,65.4115,,—,,False,{},2.7,False,60,24,—,0,Health Care,sanita,📈→ 66 · Δ+5,XLV · RSPH,66.0,5.0,misto,"Servizi sanitari (payer, ospedali)",servizi_sanita,91.0,,29,—,0
IMI.L,IMI plc,2955.0,-6.1,37.0,2991.63,1797.0,1387.08,1283.38,1685.11–1860.47 ·100,1061.63–1217.50 ·67,1772.7889,,—,,False,{},,False,100,24,—,0,Industrials,industriale,↔️↓ 47 · Δ-1.3,XLI · RSPN,47.0,-1.3,contro,Beni strumentali & macchinari,capital_goods,48.0,,26,—,30
DE,Deere & Company,675.74,-3.2,60.0,623.33,429.65,369.53,140.2,347.92–384.63 ·100,58.79–77.15 ·71,366.2734,,—,,False,{},1.9,False,60,24,—,0,Industrials,industriale,↔️↓ 47 · Δ-1.3,XLI · RSPN,47.0,-1.3,contro,Beni strumentali & macchinari,capital_goods,48.0,,26,—,26
CINF,Cincinnati Financial Corporation,169.8,-11.6,54.0,177.24,126.74,110.33,72.11,89.91–98.55 ·100,101.02–107.19 ·62,94.2342,,—,,False,{},2.8,False,100,24,—,0,Financials,finanziario,🚀↑ 83 · Δ-0.6,XLF · RSPF,83.0,-0.6,favore,Assicurazioni,assicurazioni,64.0,,35,—,6
SJM,The J. M. Smucker Company,121.14,-8.5,42.0,118.27,108.84,107.15,104.49,97.62–104.91 ·100,104.10–110.58 ·81,101.2671,,—,,False,{},4.3,False,60,24,—,0,Consumer Staples,consumi_staples,↔️↓ 46 · Δ+0.2,XLP · RSPS,46.0,0.2,contro,"Cibo, bevande & tabacco",cibo_bevande,,,27,—,41
IHG.L,InterContinental Hotels Group PLC,154.0,-10.6,41.0,161.65,128.0,81.14,70.75,56.92–67.16 ·100,67.16–72.84 ·28,62.0411,,—,,False,{},,False,60,24,—,0,Consumer Discretionary,consumi_disc,⚠️↓ 27 · Δ-0.7,XLY · RSPD,27.0,-0.7,contro,Ristoranti & tempo libero,tempo_libero,,,19,—,16
ABBV,AbbVie Inc.,257.12,-3.3,40.0,249.65,211.93,138.29,130.02,123.71–138.58 ·100,176.59–184.85 ·53,131.1447,,—,,False,{},1.2,False,60,24,—,0,Health Care,sanita,📈→ 66 · Δ+5,XLV · RSPH,66.0,5.0,misto,Farmaceutici,farmaci,60.0,10.4,31,—,24
TGT,Target Corporation,155.83,-8.3,35.0,145.83,118.38,114.03,129.55,84.19–97.07 ·100,114.24–124.26 ·64,90.6272,,—,,False,{},3.5,False,60,23,—,0,Consumer Staples,consumi_staples,↔️↓ 46 · Δ+0.2,XLP · RSPS,46.0,0.2,contro,Distribuzione & retail (tutti i formati),distribuzione,30.0,-1.9,23,—,6
APH,Amphenol Corporation,83.92,-4.8,64.0,80.78,63.25,33.98,19.57,16.44–21.14 ·100,30.54–35.24 ·87,18.7927,,—,,False,{},1.2,False,80,23,—,0,Information Technology,tech,🚀↑ 78 · Δ+2,XLK · RSPT,78.0,2.2,favore,Hardware tecnologico,hardware,84.0,,33,—,16
NDSN,Nordson Corporation,314.47,-5.8,31.0,304.38,222.79,180.55,131.81,212.81–228.20 ·100,201.82–215.01 ·96,220.505,,—,,False,{},3.3,False,100,23,—,0,Industrials,industriale,↔️↓ 47 · Δ-1.3,XLI · RSPN,47.0,-1.3,contro,Beni strumentali & macchinari,capital_goods,48.0,,26,—,45
BAC,Bank of America Corporation,62.69,-2.8,62.0,60.71,34.41,28.04,19.0,23.33–27.11 ·100,11.16–13.68 ·53,25.2234,,—,,False,{},0.0,False,40,23,—,0,Financials,finanziario,🚀↑ 83 · Δ-0.6,XLF · RSPF,83.0,-0.6,favore,Banche,banche,60.0,,34,—,7
MRK,"Merck & Co., Inc.",143.93,-8.0,35.0,133.92,100.13,86.17,57.57,74.99–83.77 ·100,60.36–67.19 ·77,79.3786,,—,,False,{},1.2,False,40,23,—,0,Health Care,sanita,📈→ 66 · Δ+5,XLV · RSPH,66.0,5.0,misto,Farmaceutici,farmaci,60.0,10.4,30,—,18
WFC,Wells Fargo & Company,90.29,-4.8,76.0,86.13,75.04,67.4,49.9,37.24–42.71 ·100,20.22–22.65 ·22,39.9718,,—,,False,{},0.0,False,40,23,—,0,Financials,finanziario,🚀↑ 83 · Δ-0.6,XLF · RSPF,83.0,-0.6,favore,Banche,banche,60.0,,33,—,1
DGX,Quest Diagnostics Incorporated,235.02,-4.1,34.0,224.59,138.35,115.55,107.25,119.90–131.47 ·100,130.03–137.26 ·55,125.6865,,—,,False,{},3.1,False,80,23,—,0,Health Care,sanita,📈→ 66 · Δ+5,XLV · RSPH,66.0,5.0,misto,Biotecnologie,biotech,91.0,-1.3,31,—,33
FCX,Freeport-McMoRan Inc.,71.07,-11.1,38.0,66.85,36.28,23.78,24.02,35.54–40.16 ·100,8.31–12.93 ·84,37.8516,,—,,False,{},2.1,False,60,23,—,0,Materials,materiali,↔️↓ 51 · Δ+1.1,XLB · RSPM,51.0,1.1,contro,Metalli & miniere,metalli_minere,58.0,,26,—,32
ADM.L,Admiral Group plc,3872.0,-6.2,41.0,3760.96,3197.77,2713.86,2132.6,1983.30–2184.30 ·100,3122.28–3233.94 ·55,2083.8011,,—,,False,{},,False,40,23,—,0,Financials,finanziario,🚀↑ 83 · Δ-0.6,XLF · RSPF,83.0,-0.6,favore,Assicurazioni,assicurazioni,64.0,,34,—,11
BP.L,BP p.l.c.,575.6,-5.0,74.0,519.35,417.77,405.67,430.51,449.42–488.28 ·100,414.88–432.15 ·37,468.8532,,—,,False,{},,False,80,23,—,0,Energy,energia,🚀↑ 90 · Δ-1.8,XLE · RSPG,90.0,-1.8,favore,"Petrolio & gas (E&P, integrati, servizi)",gas_e_p,94.0,5.5,37,—,20
HPE,Hewlett Packard Enterprise Company,62.09,0.0,64.0,50.41,41.12,28.57,20.09,13.34–15.70 ·100,19.63–22.38 ·98,14.5166,,🟢 5/6,sifrediana_bypass,True,"{'is_sifrediana': True, 'close_position': np.float64(0.99), 'volume_ratio': np.float64(1.71), 'volatility_ratio': np.float64(1.94), 'close_price': np.float64(62.09)}",4.7,False,80,23,—,0,Information Technology,tech,🚀↑ 78 · Δ+2,XLK · RSPT,78.0,2.2,favore,Hardware tecnologico,hardware,84.0,,33,—,20
JNJ,Johnson & Johnson,265.58,-4.6,46.0,256.51,160.65,157.06,137.34,140.90–154.41 ·100,152.72–161.16 ·40,147.654,,—,,False,{},1.0,False,100,23,—,0,Health Care,sanita,📈→ 66 · Δ+5,XLV · RSPH,66.0,5.0,misto,Farmaceutici,farmaci,60.0,10.4,32,—,38
SLB,SLB N.V.,56.06,-6.2,59.0,50.63,42.91,38.71,36.0,31.73–36.22 ·100,37.71–40.21 ·40,33.9731,,—,,False,{},4.2,False,80,22,—,0,Energy,energia,🚀↑ 90 · Δ-1.8,XLE · RSPG,90.0,-1.8,favore,"Petrolio & gas (E&P, integrati, servizi)",gas_e_p,94.0,5.5,36,—,25
CA.PA,Carrefour SA,16.55,-0.6,60.0,16.01,13.31,13.59,13.44,11.57–12.39 ·100,11.06–11.67 ·69,11.9797,,—,,False,{},,False,40,22,—,0,Consumer Staples,consumi_staples,↔️↓ 46 · Δ+0.2,XLP · RSPS,46.0,0.2,contro,"Cibo, bevande & tabacco",cibo_bevande,,,22,—,13
OKE,"ONEOK, Inc.",96.62,-9.8,63.0,90.53,62.55,55.89,48.09,67.49–73.78 ·100,83.58–87.77 ·77,70.638,,—,,False,{},4.7,False,80,22,—,0,Energy,energia,🚀↑ 90 · Δ-1.8,XLE · RSPG,90.0,-1.8,favore,—,,,,35,—,9
NXT.L,NEXT plc,14790.0,-5.9,39.0,15003.49,9856.28,8422.65,6825.41,6282.06–7089.64 ·100,5474.47–6282.06 ·80,6685.8514,,—,,False,{},,False,80,22,—,0,Consumer Discretionary,consumi_disc,⚠️↓ 27 · Δ-0.7,XLY · RSPD,27.0,-0.7,contro,Abbigliamento & lusso,moda_lusso,,,17,⚠️ Trimestrale <3gg,24
MSI,"Motorola Solutions, Inc.",466.16,-5.9,36.0,440.08,366.06,264.56,213.93,48.48–61.52 ·100,19.14–28.92 ·76,55.0033,,—,,False,{},2.3,False,80,22,—,0,Information Technology,tech,🚀↑ 78 · Δ+2,XLK · RSPT,78.0,2.2,favore,Hardware tecnologico,hardware,84.0,,31,—,6
TSCO.L,Tesco PLC,478.8,-4.6,63.0,465.63,427.53,337.49,285.31,263.99–290.49 ·100,290.49–307.06 ·46,277.2434,,—,,False,{},,False,60,22,—,0,Consumer Staples,consumi_staples,↔️↓ 46 · Δ+0.2,XLP · RSPS,46.0,0.2,contro,"Cibo, bevande & tabacco",cibo_bevande,,,23,—,18
DHL.DE,DHL AG,55.8,-3.5,43.0,55.51,34.92,28.88,22.97,35.54–38.11 ·100,32.97–35.17 ·95,36.8229,,—,,False,{},,False,60,22,—,0,Industrials,industriale,↔️↓ 47 · Δ-1.3,XLI · RSPN,47.0,-1.3,contro,—,,,,23,—,17
AIZ,"Assurant, Inc.",282.46,-6.0,49.0,278.06,249.58,214.01,160.48,110.70–124.30 ·100,79.62–85.45 ·37,117.4969,,—,,False,{},3.8,False,100,22,—,0,Financials,finanziario,🚀↑ 83 · Δ-0.6,XLF · RSPF,83.0,-0.6,favore,Assicurazioni,assicurazioni,64.0,,32,—,1
CRL,"Charles River Laboratories International, Inc.",278.26,-6.8,36.0,248.98,229.49,173.43,210.98,154.18–177.50 ·100,194.99–206.65 ·42,165.8421,,—,,False,{},6.1,False,40,22,—,0,Health Care,sanita,📈→ 66 · Δ+5,XLV · RSPH,66.0,5.0,misto,Biotecnologie,biotech,91.0,-1.3,29,—,20
HSBA.L,HSBC Holdings plc,1537.2,-3.8,52.0,1512.36,726.1,675.4,643.52,581.08–652.65 ·100,491.62–554.24 ·42,616.866,,—,,False,{},,False,40,22,—,0,Financials,finanziario,🚀↑ 83 · Δ-0.6,XLF · RSPF,83.0,-0.6,favore,Banche,banche,60.0,,35,—,26
HIG,"The Hartford Insurance Group, Inc.",136.36,-6.0,52.0,137.19,82.65,76.0,38.39,61.51–69.14 ·100,31.94–38.62 ·74,65.3228,,—,,False,{},0.0,False,100,22,—,0,Financials,finanziario,🚀↑ 83 · Δ-0.6,XLF · RSPF,83.0,-0.6,favore,Assicurazioni,assicurazioni,64.0,,32,—,3
C,Citigroup Inc.,138.82,-4.2,75.0,136.6,103.62,57.65,40.22,36.98–44.46 ·100,54.73–61.27 ·68,40.7194,,—,,False,{},0.0,False,40,22,—,0,Financials,finanziario,🚀↑ 83 · Δ-0.6,XLF · RSPF,83.0,-0.6,favore,Banche,banche,60.0,,34,—,16
MT.AS,ArcelorMittal S.A.,62.16,-7.6,48.0,59.72,22.18,19.44,18.71,21.34–25.17 ·100,19.64–21.34 ·32,23.2533,,—,,False,{},,False,40,21,—,0,Materials,materiali,↔️↓ 51 · Δ+1.1,XLB · RSPM,51.0,1.1,contro,Metalli & miniere,metalli_minere,58.0,,27,—,57
JPM,JPMorgan Chase & Co.,356.23,-2.5,57.0,344.47,296.96,127.48,86.13,126.30–142.95 ·100,78.74–93.01 ·91,134.6276,,—,,False,{},1.0,False,60,21,—,0,Financials,finanziario,🚀↑ 83 · Δ-0.6,XLF · RSPF,83.0,-0.6,favore,Banche,banche,60.0,,32,—,11
ERF.PA,Eurofins Scientific SE,72.58,-2.0,47.0,69.69,63.77,53.57,45.78,58.64–64.12 ·100,54.73–59.42 ·85,61.3797,,—,,False,{},,False,80,21,—,0,Health Care,sanita,📈→ 66 · Δ+5,XLV · RSPH,66.0,5.0,misto,Biotecnologie,biotech,91.0,-1.3,29,—,27
PFG,"Principal Financial Group, Inc.",116.17,-2.0,65.0,111.14,69.44,65.63,41.65,70.78–77.08 ·100,76.29–81.80 ·85,73.9275,,—,,False,{},5.4,False,80,21,—,0,Financials,finanziario,🚀↑ 83 · Δ-0.6,XLF · RSPF,83.0,-0.6,favore,"Mercati capitali (broker, AM, exchanges)",mercati_capitali,67.0,,34,—,28
NWSA,News Corporation,29.44,-5.3,37.0,27.56,24.43,22.42,19.07,25.29–26.41 ·100,26.25–26.73 ·40,25.8489,,—,,False,{},3.2,False,80,21,—,0,Communication Services,comunicazioni,↔️↑ 47 · Δ-1.1,XLC · RSPC,47.0,-1.1,favore,Media & intrattenimento,media_intratten,,,23,—,30
INCY,Incyte Corporation,121.47,-6.5,37.0,118.36,83.01,79.59,62.97,58.40–67.48 ·100,71.51–76.55 ·40,62.94,,—,,False,{},7.9,False,100,21,—,0,Health Care,sanita,📈→ 66 · Δ+5,XLV · RSPH,66.0,5.0,misto,Biotecnologie,biotech,91.0,-1.3,28,—,24
HPQ,HP Inc.,35.48,-1.3,72.0,26.93,23.16,16.2,14.15,22.71–24.70 ·100,24.48–26.02 ·80,23.7055,,—,,False,{},10.0,False,40,21,—,0,Information Technology,tech,🚀↑ 78 · Δ+2,XLK · RSPT,78.0,2.2,favore,Hardware tecnologico,hardware,84.0,,34,—,50
BEN,Franklin Templeton Inc.,33.65,-5.9,44.0,33.65,31.0,22.83,22.66,21.34–22.73 ·100,19.75–21.14 ·86,22.037,,—,,False,{},4.2,False,60,21,—,0,Financials,finanziario,🚀↑ 83 · Δ-0.6,XLF · RSPF,83.0,-0.6,favore,"Mercati capitali (broker, AM, exchanges)",mercati_capitali,67.0,,34,—,32
SOLV,Solventum Corporation,87.45,-5.4,39.0,83.09,77.91,75.13,73.02,72.26–74.86 ·100,74.54–75.84 ·41,73.5606,,—,,False,{},3.0,False,60,20,—,0,Health Care,sanita,📈→ 66 · Δ+5,XLV · RSPH,66.0,5.0,misto,Dispositivi medici,dispositivi,66.0,,31,—,60
RWE.DE,RWE Aktiengesellschaft,57.6,-5.2,52.0,57.11,33.3,25.06,20.94,27.60–30.89 ·100,34.17–36.73 ·53,29.2458,,—,,False,{},,False,20,20,—,0,Utilities,utilities,🔻↓ 23 · Δ-0.8,XLU · RSPU,23.0,-0.8,contro,"Utility regolate (elettrico, gas, acqua)",utility_regolate,,,14,—,17
HSIC,"Henry Schein, Inc.",88.36,-2.8,49.0,86.57,77.63,73.72,72.15,67.76–72.00 ·100,71.47–74.65 ·74,69.8834,,—,,False,{},8.8,False,60,20,—,0,Health Care,sanita,📈→ 66 · Δ+5,XLV · RSPH,66.0,5.0,misto,"Servizi sanitari (payer, ospedali)",servizi_sanita,91.0,,28,—,28
T,AT&T Inc.,26.06,-8.3,59.0,22.8,20.91,19.81,18.61,14.60–16.05 ·100,13.96–14.60 ·37,15.3271,,—,,False,{},1.8,False,80,20,—,0,Communication Services,comunicazioni,↔️↑ 47 · Δ-1.1,XLC · RSPC,47.0,-1.1,favore,Telecomunicazioni,telecom,,,20,—,11
TTE.PA,TotalEnergies SE,79.95,0.0,67.0,73.35,67.4,44.6,41.41,47.26–50.88 ·100,52.70–55.42 ·78,49.0722,,—,,False,{},,False,80,20,—,0,Energy,energia,🚀↑ 90 · Δ-1.8,XLE · RSPG,90.0,-1.8,favore,"Petrolio & gas (E&P, integrati, servizi)",gas_e_p,94.0,5.5,33,—,11
VLO,Valero Energy Corporation,390.42,0.0,80.0,306.3,119.06,108.69,52.04,117.61–135.87 ·100,31.55–49.81 ·84,126.7391,,—,,False,{},4.0,False,100,20,—,0,Energy,energia,🚀↑ 90 · Δ-1.8,XLE · RSPG,90.0,-1.8,favore,"Petrolio & gas (E&P, integrati, servizi)",gas_e_p,94.0,5.5,35,—,33
DELL,Dell Technologies Inc.,567.29,0.0,71.0,447.47,297.12,212.48,109.67,103.55–136.97 ·100,29.28–55.28 ·52,120.2633,,🟢 2/6,sifrediana_bypass,True,"{'is_sifrediana': True, 'close_position': np.float64(0.99), 'volume_ratio': np.float64(1.69), 'volatility_ratio': np.float64(1.76), 'close_price': np.float64(567.29)}",4.9,False,60,20,—,0,Information Technology,tech,🚀↑ 78 · Δ+2,XLK · RSPT,78.0,2.2,favore,Hardware tecnologico,hardware,84.0,,31,—,27
STAN.L,Standard Chartered PLC,2306.0,0.0,65.0,2159.82,1631.78,1398.49,741.59,598.80–710.46 ·100,403.40–529.02 ·62,654.6288,,—,,False,{},,False,40,20,—,0,Financials,finanziario,🚀↑ 83 · Δ-0.6,XLF · RSPF,83.0,-0.6,favore,Banche,banche,60.0,,31,—,10
MET,"MetLife, Inc.",97.14,-2.8,59.0,92.95,57.62,47.06,37.52,74.35–80.05 ·100,31.33–36.39 ·82,77.2011,,—,,False,{},1.9,False,20,20,—,0,Financials,finanziario,🚀↑ 83 · Δ-0.6,XLF · RSPF,83.0,-0.6,favore,Assicurazioni,assicurazioni,64.0,,30,—,0
ADM,Archer-Daniels-Midland Company,86.72,-0.2,70.0,80.22,64.02,59.26,48.73,55.09–58.55 ·100,31.82–34.79 ·68,56.822,,—,,False,{},3.9,False,60,20,—,0,Consumer Staples,consumi_staples,↔️↓ 46 · Δ+0.2,XLP · RSPS,46.0,0.2,contro,"Cibo, bevande & tabacco",cibo_bevande,,,21,—,25
PM,Philip Morris International Inc.,191.06,-4.6,55.0,186.92,161.82,103.54,74.78,77.40–87.73 ·100,51.59–61.92 ·58,82.566,,—,,False,{},1.1,False,60,20,—,0,Consumer Staples,consumi_staples,↔️↓ 46 · Δ+0.2,XLP · RSPS,46.0,0.2,contro,"Cibo, bevande & tabacco",cibo_bevande,,,20,—,10
MCK,McKesson Corporation,881.51,-11.3,57.0,834.07,728.86,403.85,182.85,106.33–164.35 ·100,164.35–190.14 ·23,135.342,,—,,False,{},2.4,False,40,19,—,0,Health Care,sanita,📈→ 66 · Δ+5,XLV · RSPH,66.0,5.0,misto,"Servizi sanitari (payer, ospedali)",servizi_sanita,91.0,,26,—,16
BAS.DE,BASF SE,52.58,-2.6,51.0,50.01,42.21,40.94,40.67,39.08–41.48 ·100,37.02–39.08 ·63,40.2818,,—,,False,{},,False,60,19,—,0,Materials,materiali,↔️↓ 51 · Δ+1.1,XLB · RSPM,51.0,1.1,contro,Chimica,chimica,,,24,—,52
CAH,"Cardinal Health, Inc.",234.57,-5.6,56.0,233.58,198.31,120.73,58.7,39.63–54.43 ·100,37.99–41.27 ·16,47.0287,,—,,False,{},3.3,False,40,19,—,0,Health Care,sanita,📈→ 66 · Δ+5,XLV · RSPH,66.0,5.0,misto,"Servizi sanitari (payer, ospedali)",servizi_sanita,91.0,,26,—,19
TRV,"The Travelers Companies, Inc.",375.2,-5.2,64.0,354.1,255.88,202.4,189.72,152.18–169.69 ·100,97.14–114.65 ·82,160.9314,,—,,False,{},3.1,False,100,19,—,0,Financials,finanziario,🚀↑ 83 · Δ-0.6,XLF · RSPF,83.0,-0.6,favore,Assicurazioni,assicurazioni,64.0,,29,—,3
TRGP,Targa Resources Corp.,290.25,-4.0,41.0,276.58,100.75,84.48,61.55,25.55–41.80 ·100,60.09–72.27 ·57,33.6745,,—,,False,{},2.9,False,80,19,—,0,Energy,energia,🚀↑ 90 · Δ-1.8,XLE · RSPG,90.0,-1.8,favore,—,,,,32,—,9
MA,Mastercard Incorporated,569.19,-5.1,43.0,546.18,417.68,400.01,372.74,337.45–361.07 ·100,325.64–341.39 ·60,349.2638,,—,,False,{},0.9,False,80,19,—,0,Financials,finanziario,🚀↑ 83 · Δ-0.6,XLF · RSPF,83.0,-0.6,favore,"Mercati capitali (broker, AM, exchanges)",mercati_capitali,67.0,,31,—,19
ANET,"Arista Networks, Inc.",199.59,-5.2,60.0,180.76,165.86,133.88,50.45,8.92–20.21 ·100,27.26–35.73 ·41,14.5673,,—,,False,{},1.4,False,80,19,—,0,Information Technology,tech,🚀↑ 78 · Δ+2,XLK · RSPT,78.0,2.2,favore,Hardware tecnologico,hardware,84.0,,28,—,10
SDLF.L,Standard Life plc,926.5,-2.8,49.0,894.5,807.03,613.83,624.81,497.33–536.99 ·100,633.93–673.59 ·84,517.161,,—,,False,{},,False,40,19,—,0,Financials,finanziario,🚀↑ 83 · Δ-0.6,XLF · RSPF,83.0,-0.6,favore,Assicurazioni,assicurazioni,64.0,,29,—,4
FFIV,"F5, Inc.",411.71,-4.5,61.0,402.54,219.54,209.61,141.0,129.50–154.50 ·100,160.05–176.71 ·51,141.9984,,—,,False,{},3.7,False,100,19,—,0,Information Technology,tech,🚀↑ 78 · Δ+2,XLK · RSPT,78.0,2.2,favore,Software & servizi IT,software,88.0,6.7,30,—,28
CF,"CF Industries Holdings, Inc.",133.07,-4.5,55.0,119.7,112.85,78.25,37.16,71.92–80.07 ·100,21.20–27.54 ·51,75.9977,,—,,False,{},6.6,False,100,18,—,0,Materials,materiali,↔️↓ 51 · Δ+1.1,XLB · RSPM,51.0,1.1,contro,—,,,,20,—,18
MSFT,Microsoft Corporation,495.63,-7.8,57.0,424.97,440.22,318.33,287.04,391.86–420.62 ·100,18.05–28.84 ·33,406.2399,,—,,False,{},1.0,False,100,18,—,0,Information Technology,tech,🚀↑ 78 · Δ+2,XLK · RSPT,78.0,2.2,favore,Software & servizi IT,software,88.0,6.7,27,—,6
NVDA,NVIDIA Corporation,218.29,-7.2,53.0,209.91,86.11,52.72,19.11,0.16–9.60 ·100,9.60–23.75 ·76,4.8787,,—,,False,{},1.3,False,100,18,—,0,Information Technology,tech,🚀↑ 78 · Δ+2,XLK · RSPT,78.0,2.2,favore,Semiconduttori & equipaggiamento,semiconduttori,42.0,-5.2,28,—,18
WAT,Waters Corporation,408.34,-3.1,48.0,386.42,338.79,313.88,294.31,316.72–340.61 ·100,287.52–308.75 ·91,328.665,,—,,False,{},3.4,False,40,18,—,0,Health Care,sanita,📈→ 66 · Δ+5,XLV · RSPH,66.0,5.0,misto,Biotecnologie,biotech,91.0,-1.3,28,—,46
CVX,Chevron Corporation,214.06,0.0,65.0,188.08,140.76,131.32,123.73,141.63–150.47 ·100,134.05–142.89 ·85,146.0483,,—,,False,{},1.1,False,80,18,—,0,Energy,energia,🚀↑ 90 · Δ-1.8,XLE · RSPG,90.0,-1.8,favore,"Petrolio & gas (E&P, integrati, servizi)",gas_e_p,94.0,5.5,33,—,33
VEEV,Veeva Systems Inc.,262.4,-14.3,58.0,212.74,186.22,216.91,202.95,163.10–182.71 ·100,187.07–195.79 ·31,172.9085,,—,,False,{},3.3,False,80,18,6/10,6,Health Care,sanita,📈→ 66 · Δ+5,XLV · RSPH,66.0,5.0,misto,"Servizi sanitari (payer, ospedali)",servizi_sanita,91.0,,27,—,37
COP,ConocoPhillips,137.35,0.0,57.0,118.5,94.91,84.87,78.42,88.16–94.81 ·100,100.63–107.29 ·85,91.4869,,—,,False,{},1.4,False,80,18,—,0,Energy,energia,🚀↑ 90 · Δ-1.8,XLE · RSPG,90.0,-1.8,favore,"Petrolio & gas (E&P, integrati, servizi)",gas_e_p,94.0,5.5,33,—,31
BGEO.L,Lion Finance Group PLC,13470.0,-1.7,57.0,12194.25,4869.25,2978.84,2794.5,1009.81–1834.71 ·100,3392.87–4034.46 ·59,1422.26,,—,,False,{},,False,40,18,—,0,Financials,finanziario,🚀↑ 83 · Δ-0.6,XLF · RSPF,83.0,-0.6,favore,Banche,banche,60.0,,28,—,4
ALV.DE,Allianz SE,443.3,-2.2,48.0,430.19,214.46,198.05,116.36,141.57–158.96 ·100,115.49–132.88 ·81,150.2662,,—,,False,{},,False,100,18,—,0,Financials,finanziario,🚀↑ 83 · Δ-0.6,XLF · RSPF,83.0,-0.6,favore,Assicurazioni,assicurazioni,64.0,,28,—,4
MPC,Marathon Petroleum Corporation,395.93,-0.9,77.0,317.62,104.97,90.97,56.99,21.99–43.35 ·100,40.68–62.04 ·97,32.6686,,—,,False,{},3.1,False,80,17,—,0,Energy,energia,🚀↑ 90 · Δ-1.8,XLE · RSPG,90.0,-1.8,favore,"Petrolio & gas (E&P, integrati, servizi)",gas_e_p,94.0,5.5,31,—,19
SHEL.L,Shell plc,3605.0,0.0,76.0,3248.18,2283.42,2180.28,2188.85,2306.19–2481.43 ·100,2456.39–2581.56 ·71,2393.8065,,—,,False,{},,False,80,17,—,0,Energy,energia,🚀↑ 90 · Δ-1.8,XLE · RSPG,90.0,-1.8,favore,"Petrolio & gas (E&P, integrati, servizi)",gas_e_p,94.0,5.5,32,—,28
SMT.L,Scottish Mortgage Ord,1461.0,-5.4,51.0,1417.77,730.33,720.08,702.45,862.80–913.18 ·100,651.20–711.66 ·99,887.9938,,—,,False,{},,False,0,17,—,0,—,,—,—,,,nd,—,,,,17,—,3
IBKR,"Interactive Brokers Group, Inc.",91.37,-6.9,46.0,91.9,67.59,59.89,52.9,16.54–21.67 ·100,15.25–17.18 ·35,19.103,,—,,False,{},2.6,False,60,17,—,0,Financials,finanziario,🚀↑ 83 · Δ-0.6,XLF · RSPF,83.0,-0.6,favore,"Mercati capitali (broker, AM, exchanges)",mercati_capitali,67.0,,29,—,19
GILD,"Gilead Sciences, Inc.",143.72,-6.6,44.0,134.5,107.94,67.18,58.79,49.42–58.09 ·100,66.76–75.43 ·66,53.7544,,—,,False,{},1.9,False,60,17,—,0,Health Care,sanita,📈→ 66 · Δ+5,XLV · RSPH,66.0,5.0,misto,Farmaceutici,farmaci,60.0,10.4,23,—,13
NEM,Newmont Corporation,126.81,-6.0,43.0,107.88,66.85,55.71,46.54,35.75–43.14 ·100,49.70–56.26 ·57,39.4447,,—,,False,{},1.9,False,100,17,—,0,Materials,materiali,↔️↓ 51 · Δ+1.1,XLB · RSPM,51.0,1.1,contro,Metalli & miniere,metalli_minere,58.0,,19,—,20
NTRS,Northern Trust Corporation,189.19,-0.7,65.0,181.91,135.01,94.58,86.19,75.48–84.66 ·100,72.04–76.63 ·44,80.0709,,—,,False,{},2.4,False,60,17,—,0,Financials,finanziario,🚀↑ 83 · Δ-0.6,XLF · RSPF,83.0,-0.6,favore,"Mercati capitali (broker, AM, exchanges)",mercati_capitali,67.0,,29,—,22
WMB,"The Williams Companies, Inc.",72.85,-6.9,61.0,73.17,34.16,26.51,24.45,14.93–19.46 ·100,54.73–57.76 ·51,17.1941,,—,,False,{},2.4,False,60,16,—,0,Energy,energia,🚀↑ 90 · Δ-1.8,XLE · RSPG,90.0,-1.8,favore,—,,,,29,—,6
APA,APA Corporation,44.73,-0.2,57.0,37.53,28.4,26.18,22.84,19.55–24.58 ·100,25.83–28.97 ·57,22.0649,,—,,False,{},9.1,False,100,16,—,0,Energy,energia,🚀↑ 90 · Δ-1.8,XLE · RSPG,90.0,-1.8,favore,"Petrolio & gas (E&P, integrati, servizi)",gas_e_p,94.0,5.5,30,—,25
GLEN.L,Glencore plc,587.4,-6.6,48.0,552.34,414.3,350.43,325.3,279.95–314.11 ·100,356.83–382.45 ·69,297.0308,,—,,False,{},,False,60,16,—,0,Materials,materiali,↔️↓ 51 · Δ+1.1,XLB · RSPM,51.0,1.1,contro,—,,,,17,—,14
V,Visa Inc.,370.45,-3.6,49.0,356.58,246.73,231.49,175.16,194.87–209.93 ·100,214.95–224.98 ·64,202.4011,,—,,False,{},1.2,False,100,16,—,0,Financials,finanziario,🚀↑ 83 · Δ-0.6,XLF · RSPF,83.0,-0.6,favore,"Mercati capitali (broker, AM, exchanges)",mercati_capitali,67.0,,27,—,10
MO,"Altria Group, Inc.",68.98,-7.9,64.0,69.56,53.37,42.28,40.54,31.83–36.16 ·100,29.42–31.35 ·21,33.9938,,—,,False,{},2.5,False,60,16,—,0,Consumer Staples,consumi_staples,↔️↓ 46 · Δ+0.2,XLP · RSPS,46.0,0.2,contro,"Cibo, bevande & tabacco",cibo_bevande,,,16,—,11
FTNT,"Fortinet, Inc.",156.07,-9.7,52.0,156.6,115.63,63.81,23.38,2.62–9.52 ·100,75.04–85.38 ·97,6.0698,,—,,False,{},2.2,False,100,15,—,0,Information Technology,tech,🚀↑ 78 · Δ+2,XLK · RSPT,78.0,2.2,favore,Software & servizi IT,software,88.0,6.7,23,—,4
CCC.L,Computacenter plc,5177.96,-8.7,52.0,4787.58,4318.13,2598.95,2504.88,2377.76–2740.45 ·100,2135.96–2418.06 ·91,2559.1076,,—,,False,{},,False,80,15,—,0,Information Technology,tech,🚀↑ 78 · Δ+2,XLK · RSPT,78.0,2.2,favore,Software & servizi IT,software,88.0,6.7,28,—,47
PSX,Phillips 66,259.47,-0.5,70.0,209.96,148.68,102.25,96.32,116.85–130.06 ·100,65.67–75.58 ·69,123.453,,—,,False,{},1.6,False,80,15,—,0,Energy,energia,🚀↑ 90 · Δ-1.8,XLE · RSPG,90.0,-1.8,favore,"Petrolio & gas (E&P, integrati, servizi)",gas_e_p,94.0,5.5,28,—,12
LITE,Lumentum Holdings Inc.,927.03,-12.0,56.0,832.09,524.84,446.83,215.02,35.40–78.27 ·100,71.13–99.71 ·50,56.8384,,—,,False,{},8.7,False,80,15,—,0,Information Technology,tech,🚀↑ 78 · Δ+2,XLK · RSPT,78.0,2.2,favore,Hardware tecnologico,hardware,84.0,,26,—,31
VRSN,"VeriSign, Inc.",292.71,-5.3,61.0,275.02,200.96,167.94,128.41,194.56–212.41 ·100,176.71–190.59 ·67,203.4814,,—,,False,{},1.8,False,60,14,—,0,Information Technology,tech,🚀↑ 78 · Δ+2,XLK · RSPT,78.0,2.2,favore,Software & servizi IT,software,88.0,6.7,26,—,40
VZ,Verizon Communications Inc.,50.61,0.0,61.0,45.55,39.14,35.69,31.32,37.50–39.69 ·100,39.42–40.79 ·54,38.5944,,—,,False,{},2.0,False,60,14,—,0,Communication Services,comunicazioni,↔️↑ 47 · Δ-1.1,XLC · RSPC,47.0,-1.1,favore,Telecomunicazioni,telecom,,,17,—,40
CRWD,"CrowdStrike Holdings, Inc.",206.74,-10.5,56.0,197.77,146.08,109.79,63.71,32.08–45.64 ·100,45.64–53.17 ·47,38.8595,,—,,False,{},2.4,False,60,14,—,0,Information Technology,tech,🚀↑ 78 · Δ+2,XLK · RSPT,78.0,2.2,favore,Software & servizi IT,software,88.0,6.7,25,—,27
CBK.DE,Commerzbank AG,42.38,-0.8,68.0,38.9,10.53,9.02,9.27,4.28–6.90 ·100,8.21–10.83 ·94,5.5872,,—,,False,{},,False,40,14,—,0,Financials,finanziario,🚀↑ 83 · Δ-0.6,XLF · RSPF,83.0,-0.6,favore,Banche,banche,60.0,,25,—,9
AAPL,Apple Inc.,332.27,-2.2,71.0,309.84,213.67,161.09,43.46,6.90–27.41 ·100,34.25–52.49 ·44,17.1561,,—,,False,{},1.0,False,100,14,—,0,Information Technology,tech,🚀↑ 78 · Δ+2,XLK · RSPT,78.0,2.2,favore,—,,,,23,—,8
IVZ,Invesco Ltd.,32.28,-3.1,52.0,29.75,22.77,16.78,16.81,13.33–14.86 ·100,15.44–16.59 ·47,14.0925,,—,,False,{},4.0,False,80,14,—,0,Financials,finanziario,🚀↑ 83 · Δ-0.6,XLF · RSPF,83.0,-0.6,favore,"Mercati capitali (broker, AM, exchanges)",mercati_capitali,67.0,,26,—,18
BNY,The Bank of New York Mellon Corporation,162.66,-1.3,63.0,154.72,114.76,86.78,57.52,35.21–44.54 ·100,28.99–33.13 ·21,39.8716,,—,,False,{},0.0,False,40,14,—,0,Financials,finanziario,🚀↑ 83 · Δ-0.6,XLF · RSPF,83.0,-0.6,favore,Banche,banche,60.0,,25,—,7
CTVA,"Corteva, Inc.",83.9,-7.1,57.0,82.48,76.66,73.07,53.38,52.96–57.28 ·100,58.24–62.08 ·77,55.118,,—,,False,{},3.0,False,60,14,—,0,Materials,materiali,↔️↓ 51 · Δ+1.1,XLB · RSPM,51.0,1.1,contro,—,,,,16,—,21
GEN,Gen Digital Inc.,30.26,-3.6,60.0,27.17,24.72,21.69,14.46,18.50–19.96 ·100,23.62–25.08 ·93,19.2339,,—,,False,{},6.5,False,80,13,—,0,Information Technology,tech,🚀↑ 78 · Δ+2,XLK · RSPT,78.0,2.2,favore,Software & servizi IT,software,88.0,6.7,22,—,9
EXPD,"Expeditors International of Washington, Inc.",192.6,0.0,62.0,175.71,158.95,111.95,69.06,110.78–121.22 ·100,108.46–111.94 ·30,115.9978,,—,,False,{},3.8,False,100,13,—,0,Industrials,industriale,↔️↓ 47 · Δ-1.3,XLI · RSPN,47.0,-1.3,contro,—,,,,14,—,24
DB1.DE,Deutsche Börse AG,284.9,-2.2,49.0,264.89,169.6,124.42,99.9,117.98–134.45 ·100,147.25–160.06 ·79,126.2128,,—,,False,{},,False,100,13,—,0,Financials,finanziario,🚀↑ 83 · Δ-0.6,XLF · RSPF,83.0,-0.6,favore,"Mercati capitali (broker, AM, exchanges)",mercati_capitali,67.0,,25,—,22
HSX.L,Hiscox Ltd,1895.0,-0.2,66.0,1829.01,1257.61,1169.08,1178.2,1115.28–1179.22 ·100,1072.65–1125.93 ·82,1147.2465,,—,,False,{},,False,100,12,—,0,Financials,finanziario,🚀↑ 83 · Δ-0.6,XLF · RSPF,83.0,-0.6,favore,Assicurazioni,assicurazioni,64.0,,26,—,39
STT,State Street Corporation,193.4,-0.4,63.0,181.3,160.22,79.97,77.66,63.13–73.06 ·100,78.02–85.47 ·37,68.0951,,—,,False,{},0.0,False,20,12,—,0,Financials,finanziario,🚀↑ 83 · Δ-0.6,XLF · RSPF,83.0,-0.6,favore,"Mercati capitali (broker, AM, exchanges)",mercati_capitali,67.0,,23,—,14
IQV,IQVIA Holdings Inc.,261.77,-3.6,52.0,223.98,203.04,189.64,197.91,154.67–167.77 ·100,203.77–210.32 ·61,161.2183,,—,,False,{},2.7,False,80,12,—,0,Health Care,sanita,📈→ 66 · Δ+5,XLV · RSPH,66.0,5.0,misto,Biotecnologie,biotech,91.0,-1.3,18,—,7
HUM,Humana Inc.,409.8,0.0,73.0,384.14,307.41,345.68,259.98,246.63–267.90 ·100,232.45–250.18 ·91,257.2669,,—,,False,{},2.9,False,60,12,—,0,Health Care,sanita,📈→ 66 · Δ+5,XLV · RSPH,66.0,5.0,misto,"Servizi sanitari (payer, ospedali)",servizi_sanita,91.0,,21,—,36
DBK.DE,Deutsche Bank Aktiengesellschaft,33.91,-5.1,57.0,32.46,11.89,10.64,12.89,8.33–9.82 ·100,7.69–8.54 ·48,9.0739,,—,,False,{},,False,40,12,—,0,Financials,finanziario,🚀↑ 83 · Δ-0.6,XLF · RSPF,83.0,-0.6,favore,Banche,banche,60.0,,25,—,30
